342	Dm Kc167 Poly-Ap p200 467 C-tailed RNA-Seq Nexalign	Celniker	Gingeras	RNA-seq	transcription			Drosophila melanogaster	Kc167				2/27/08	9/29/09	released		GSM451119
343	Dm embryo 16-18h C-tailed RNA-Seq NexAlign	Celniker	Gingeras	RNA-seq	transcription			Drosophila melanogaster		y; cn bw sp	whole organism	embryo: egg stage, embryonic stage, fertilized egg stage, late embryonic stage, unfertilized egg stage, embryonic stage 17	2/27/08	9/23/09	released		GSM439966
360	Dm Kc167 m200 Tap RiboM C-tailed RNA-Seq NexAlign	Celniker	Gingeras	RNA-seq	transcription			Drosophila melanogaster	Kc167				2/27/08	9/23/09	released		GSM451044
362	Dm S2-DRSC m200 Tap RiboM C-tailed RNA-Seq NexAlign	Celniker	Gingeras	RNA-seq	transcription			Drosophila melanogaster	S2-DRSC				2/27/08	9/23/09	released		GSM451127
364	Dm Cl.8 m200 Tap RiboM C-tailed RNA-Seq NexAlign	Celniker	Gingeras	RNA-seq	transcription			Drosophila melanogaster	CME W1 Cl.8+				2/27/08	9/23/09	released		GSM451031
366	Dm BG3-c2 m200 Tap RiboM C-tailed RNA-Seq NexAlign	Celniker	Gingeras	RNA-seq	transcription			Drosophila melanogaster	ML-DmBG3-c2				2/27/08	9/23/09	released		GSM450972
526	Dm Dcr-2[L811fsX] Ovary smallRNA RNA-Seq	Lai	Hannon	RNA-seq	RNA profiling			Drosophila melanogaster		Dcr-2[L811fsX]	ovary	adult: adult stage	11/8/08	2/3/10	released		GSM280083
633	Dm Kc167 polyA 002-004 PE RNA-Seq Bowtie	Celniker	Graveley	RNA-seq	RNA profiling			Drosophila melanogaster	Kc167				6/15/09	7/9/09	released		GSM390059
634	small RNA N2 embryos RNA-seq	Waterston	Slack	RNA-seq	RNA profiling			Caenorhabditis elegans		N2	whole organism	embryo: embryo	6/15/09	6/23/09	released		GSM336052
635	small RNA N2 mid-L1 RNA-seq	Waterston	Slack	RNA-seq	RNA profiling			Caenorhabditis elegans		N2	whole organism	larva: L1 larva	6/15/09	6/23/09	released		GSM336055
636	small RNA N2 mid-L2 RNA-seq	Waterston	Slack	RNA-seq	RNA profiling			Caenorhabditis elegans		N2	whole organism	larva: L2 larva	6/15/09	6/23/09	released		GSM336056
637	small RNA N2 mid-L3 RNA-seq	Waterston	Slack	RNA-seq	RNA profiling			Caenorhabditis elegans		N2	whole organism	larva: L3 larva	6/15/09	6/23/09	released		GSM336058
638	small RNA N2 mid-L4 RNA-seq	Waterston	Slack	RNA-seq	RNA profiling			Caenorhabditis elegans		N2	whole organism	larva: L4 larva	6/15/09	6/23/09	released		GSM336059
639	small RNA N2 young adult RNA-seq	Waterston	Slack	RNA-seq	RNA profiling			Caenorhabditis elegans		N2	whole organism	larva: newly molted young adult hermaphrodite	6/15/09	6/23/09	released		GSM336060
640	small RNA him-8 males RNA-seq	Waterston	Slack	RNA-seq	RNA profiling			Caenorhabditis elegans		CB4689	whole organism	adult: adult male	6/15/09	6/23/09	released		GSM336086
650	Dm S2-DRSC polyA 014-016 PE RNA-Seq Bowtie	Celniker	Graveley	RNA-seq	RNA profiling	Version=2		Drosophila melanogaster	S2-DRSC				6/22/09	7/15/09	released		GSM390063
651	Dm ML-DmBG3-c2 polyA 122-124 PE RNA-Seq Bowtie	Celniker	Graveley	RNA-seq	RNA profiling			Drosophila melanogaster	ML-DmBG3-c2				6/22/09	7/15/09	released		GSM390065
652	Dm CME_W1_Cl.8+ polyA 060-062 PE RNA-Seq Bowtie	Celniker	Graveley	RNA-seq	RNA profiling			Drosophila melanogaster	CME W1 Cl.8+				6/22/09	7/15/09	released		GSM390061
712	Dm Dm adult whole_fly 057 RNASeq Bowtie	Celniker	Brent	RNA-seq	transcription			Drosophila melanogaster		y; cn bw sp	whole organism	adult: adult stage	7/14/09	7/16/09	released		GSM339263
737	Dm Canton-S Adult Female Head smallRNA RNA-Seq	Lai	Lai	RNA-seq	RNA profiling	Version=2		Drosophila melanogaster		Canton-S	adult head	adult: adult stage	6/13/08	6/13/08	released		GSM240749
738	Kc167 smallRNA RNA-Seq	Lai	Lai	RNA-seq	RNA profiling	Version=2		Drosophila melanogaster	Kc167				6/13/08	6/13/08	released		GSM272653
739	Dm Canton-S Adult Male Body smallRNA RNA-Seq	Lai	Lai	RNA-seq	RNA profiling	Version=2		Drosophila melanogaster		Canton-S	abdomen, thorax	adult: adult stage	6/13/08	3/31/09	released		GSM286602
740	Dm Canton-S Embryo 2-6h smallRNA RNA-Seq	Lai	Lai	RNA-seq	RNA profiling	Version=2		Drosophila melanogaster		Canton-S	whole organism	embryo: embryonic stage	6/13/08	6/12/09	released		GSM286605
741	S2/Kc167 + Ecdysone exposure smallRNA RNA-Seq	Lai	Lai	RNA-seq	RNA profiling	Version=2		Drosophila melanogaster	mixed: S2-DRSC, Kc167				9/17/09	2/15/10	released		GSM272651
742	Dm Canton-S Imaginal Disk smallRNA RNA-Seq	Lai	Lai	RNA-seq	RNA profiling	Version=2		Drosophila melanogaster		Canton-S	imaginal disc	adult: adult stage	9/17/09	12/23/09	released		GSM275691
743	Dm Canton-S Adult Female Body smallRNA RNA-Seq	Lai	Lai	RNA-seq	RNA profiling	Version=2		Drosophila melanogaster		Canton-S	abdomen, thorax	adult: adult stage	6/13/08	3/2/09	released		GSM286603
745	Dm Canton-S Embryo 0-1h smallRNA RNA-Seq (2)	Lai	Lai	RNA-seq	RNA profiling	Version=2		Drosophila melanogaster		Canton-S	whole organism	embryo: embryonic stage	9/17/09	10/15/10	released		GSM286613
746	S2-DRSC smallRNA RNA-Seq	Lai	Lai	RNA-seq	RNA profiling	Version=2		Drosophila melanogaster	S2-GMR				6/13/08	3/9/09	released		GSM272652
747	Dm Canton-S Adult Male Head smallRNA RNA-Seq	Lai	Lai	RNA-seq	RNA profiling	Version=2		Drosophila melanogaster		Canton-S	adult head	adult: adult stage	9/19/08	6/16/09	released		GSM286601
748	Dm Canton-S 3rd Instar Larvae smallRNA RNA-Seq	Lai	Lai	RNA-seq	RNA profiling			Drosophila melanogaster		Canton-S	whole organism	larva: third instar larval stage	10/9/08	3/2/09	released		GSM322208
749	Dm Canton-S 3rd Instar Larvae smallRNA RNA-Seq (2)	Lai	Lai	RNA-seq	RNA profiling			Drosophila melanogaster		Canton-S	whole organism	larva: third instar larval stage	10/9/08	3/31/09	released		GSM322245
750	Dm Canton-S Adult Female Head smallRNA RNA-Seq (2)	Lai	Lai	RNA-seq	RNA profiling			Drosophila melanogaster		Canton-S	adult head	adult: adult stage	10/9/08	4/6/09	released		GSM322533
751	Dm Canton-S Adult Male Head smallRNA RNA-Seq (2)	Lai	Lai	RNA-seq	RNA profiling			Drosophila melanogaster		Canton-S	adult head	adult: adult stage	10/9/08	4/6/09	released		GSM322543
752	Dm Canton-S Embryo 2-6h smallRNA RNA-Seq (2)	Lai	Lai	RNA-seq	RNA profiling	Version=2		Drosophila melanogaster		Canton-S	whole organism	embryo: embryonic stage	6/13/08	4/3/09	released		GSM286606
753	Dm Canton-S Embryo 6-10h smallRNA RNA-Seq (2)	Lai	Lai	RNA-seq	RNA profiling	Version=3		Drosophila melanogaster		Canton-S	whole organism	embryo: embryonic stage 11-13	6/13/08	4/8/09	released		GSM286611
754	Dm Canton-S Embryo 6-10h smallRNA RNA-Seq	Lai	Lai	RNA-seq	RNA profiling	Version=3		Drosophila melanogaster		Canton-S	whole organism	embryo: embryonic stage 11-13	6/13/08	4/3/09	released		GSM286607
755	Dm Canton-S Embryo 0-1h smallRNA RNA-Seq	Lai	Lai	RNA-seq	RNA profiling	Version=3		Drosophila melanogaster		Canton-S	whole organism	embryo: embryonic stage	6/13/08	4/6/09	released		GSM286604
757	Dm Canton-S Pupae 2-4d smallRNA RNA-Seq	Lai	Lai	RNA-seq	RNA profiling			Drosophila melanogaster		Canton-S	whole organism	pupae: pharate adult stage P10, pharate adult stage P11, pharate adult stage P12, pharate adult stage P13, pharate adult stage P14, pharate adult stage P15, pharate adult stage P8, pharate adult stage P9	10/9/08	3/24/09	released		GSM322219
758	Dm Canton-S Pupae 2-4d smallRNA RNA-Seq (2)	Lai	Lai	RNA-seq	RNA profiling			Drosophila melanogaster		Canton-S	whole organism	pupae: pharate adult stage P10, pharate adult stage P11, pharate adult stage P12, pharate adult stage P13, pharate adult stage P14, pharate adult stage P15, pharate adult stage P8, pharate adult stage P9	10/9/08	4/3/09	released		GSM322338
762	Dm Canton-S 1st Instar Larvae smallRNA RNA-Seq	Lai	Lai	RNA-seq	RNA profiling			Drosophila melanogaster		Canton-S	whole organism	larva: first instar larval stage	7/2/09	7/2/09	released		GSM360256
772	Dm Oregon-R Adult Male Testis smallRNA RNA-Seq	Lai	Hannon	RNA-seq	RNA profiling	Version=2		Drosophila melanogaster		Oregon-R-modENCODE	testis	adult: adult stage	7/2/08	9/29/09	released		GSM280085
773	Dm y[1]; cn[1] bw[1] sp[1] Ovary smallRNA RNA-Seq	Lai	Hannon	RNA-seq	RNA profiling	Version=2		Drosophila melanogaster		y; cn bw sp	ovary	adult: adult stage	11/8/08	9/29/09	released		GSM280082
774	Dm Loqs[f00791] Ovary smallRNA RNA-Seq	Lai	Hannon	RNA-seq	RNA profiling			Drosophila melanogaster		w[1118]; PBac{w[+mC]=WH}loqs[f00791]/CyO	ovary	adult: adult stage	11/8/08	9/29/09	released		GSM280084
2002	Lai_MLDmD20c5/BS16	Lai	Lai	RNA-seq	RNA profiling			Drosophila melanogaster	ML-DmD20-c5				2/3/10	2/4/10	released		, GSE24298, GSM609217
2003	Lai_Sg4/BS35	Lai	Lai	RNA-seq	RNA profiling			Drosophila melanogaster	Sg4				2/4/10	2/4/10	released		, GSE24299, GSM609218
2004	Lai_GM2cell/BS32	Lai	Lai	RNA-seq	RNA profiling			Drosophila melanogaster	GM2				9/17/09	2/11/10	released		, GSE24300, GSM609219
2005	Lai_ML-DmD21cell/BS90	Lai	Lai	RNA-seq	RNA profiling			Drosophila melanogaster	ML-DmD21				2/8/10	2/8/10	released		, GSE24301, GSM609220
2006	Lai_1182-4Hcell/BS23	Lai	Lai	RNA-seq	RNA profiling			Drosophila melanogaster	1182-4H				2/8/10	2/8/10	released		, GSE24302, GSM609221
2007	Lai_ML-DmBG1c1/BS176	Lai	Lai	RNA-seq	RNA profiling			Drosophila melanogaster	ML-DmBG1-c1				2/8/10	2/8/10	released		, GSE24303, GSM609222
2008	Lai_one day adult male-ENCODE/BS149	Lai	Lai	RNA-seq	RNA profiling			Drosophila melanogaster		y; cn bw sp	whole organism	adult: adult stage	2/1/10	2/2/10	released		, GSE24304, GSM609223
2009	Lai_one day adult female-ENCODE/BS152	Lai	Lai	RNA-seq	RNA profiling			Drosophila melanogaster		y; cn bw sp	whole organism	adult: adult stage	9/17/09	2/11/10	released		, GSE24305, GSM609224
2010	E0-4_TotalRNA_RNAseq	White	White	RNA-seq	RNA profiling			Drosophila melanogaster		y; cn bw sp	whole organism	embryo: embryonic stage 1-9	9/17/09	10/4/09	released		GSM451806
2019	E4-8_TotalRNA_RNAseq	White	White	RNA-seq	RNA profiling			Drosophila melanogaster		y; cn bw sp	whole organism	embryo: embryonic stage 9-12	9/18/09	10/4/09	released		GSM451809
2020	E8-12_TotalRNA_RNAseq	White	White	RNA-seq	RNA profiling			Drosophila melanogaster		y; cn bw sp	whole organism	embryo: embryonic stage 12-15	9/18/09	10/4/09	released		GSM451808
2021	E12-16_TotalRNA_RNAseq	White	White	RNA-seq	RNA profiling			Drosophila melanogaster		y; cn bw sp	whole organism	embryo: embryonic stage 15-16	9/18/09	10/4/09	released		GSM451803
2022	E16-20_TotalRNA_RNAseq	White	White	RNA-seq	RNA profiling			Drosophila melanogaster		y; cn bw sp	whole organism	embryo: embryonic stage 17	9/18/09	10/4/09	released		GSM451807
2023	E20-24_TotalRNA_RNAseq	White	White	RNA-seq	RNA profiling			Drosophila melanogaster		y; cn bw sp	whole organism	embryo: embryonic stage 17	9/18/09	10/4/09	released		GSM451810
2024	L1_TotalRNA_RNAseq	White	White	RNA-seq	RNA profiling			Drosophila melanogaster		y; cn bw sp	whole organism	larva: first instar larval stage	9/18/09	10/4/09	released		GSM451811
2025	L2_TotalRNA_RNAseq	White	White	RNA-seq	RNA profiling			Drosophila melanogaster		y; cn bw sp	whole organism	larva: second instar larval stage	9/18/09	10/4/09	released		GSM453867
2026	AdultFemale_TotalRNA_RNAseq	White	White	RNA-seq	RNA profiling			Drosophila melanogaster		y; cn bw sp	whole organism	adult: adult stage	9/18/09	10/4/09	released		GSM451805
2027	AdultMale_TotalRNA_RNAseq	White	White	RNA-seq	RNA profiling			Drosophila melanogaster		y; cn bw sp	whole organism	adult: adult stage	9/18/09	10/4/09	released		GSM451804
2029	L3_TotalRNA_RNAseq	White	White	RNA-seq	RNA profiling			Drosophila melanogaster		y; cn bw sp	whole organism	larva: third instar larval stage	9/18/09	10/4/09	released		GSM451812
2030	Pupae_TotalRNA_RNAseq	White	White	RNA-seq	RNA profiling			Drosophila melanogaster		y; cn bw sp	whole organism	pupae: pupal stage	9/18/09	10/4/09	released		GSM451813
2321	RNAseq - early embryo sequences & alignments	Waterston	Waterston	RNA-seq	RNA profiling			Caenorhabditis elegans		N2	whole organism	embryo: blastula embryo, gastrulating embryo	9/29/09	11/16/09	released		SRX004863, SRX004864
2324	RNAseq - late embryo 20dC 4.5hrs post-early embryo sequences & alignments	Waterston	Waterston	RNA-seq	RNA profiling			Caenorhabditis elegans		N2	whole organism	embryo: elongating embryo, enclosing embryo, fully-elongated embryo, late cleavage stage embryo	9/29/09	11/16/09	released		SRX004865, SRX004866
2325	RNAseq - male mid-L4 dpy28(y1);him-8(e1489) 25dC 30hrs post-L1 sequences & alignments	Waterston	Waterston	RNA-seq	RNA profiling			Caenorhabditis elegans		CB4689	whole organism	larva: L4 larva male	9/29/09	11/16/09	released		SRX004868
2326	RNAseq - mid-L1 20dC 4hrs post-L1 sequences & alignments	Waterston	Waterston	RNA-seq	RNA profiling			Caenorhabditis elegans		N2	whole organism	larva: L1 larva	9/29/09	11/16/09	released		SRX004867
2343	RNAseq - lin-35(n745) mid-L1 25dC 4.0hrs post-L1 sequences & alignments	Waterston	Waterston	RNA-seq	RNA profiling			Caenorhabditis elegans		MT10430	whole organism	larva: L1 larva	9/30/09	11/16/09	released		SRX004869
2345	RNAseq - Adult spe-9 23dC 8days post-L4 molt sequences & alignment	Waterston	Waterston	RNA-seq	RNA profiling			Caenorhabditis elegans		BA671	whole organism	adult: adult	9/30/09	11/16/09	released		SRX008136
2346	RNAseq - embryo him-8 20dC post-L1 sequences & alignments	Waterston	Waterston	RNA-seq	RNA profiling			Caenorhabditis elegans		CB1489	whole organism	embryo: embryo	9/30/09	11/16/09	released		SRX011569
2347	RNAseq - dauer daf-2 25dC 91hrs post-L1 sequences & alignments	Waterston	Waterston	RNA-seq	RNA profiling			Caenorhabditis elegans		CB1370	whole organism	larva: dauer larva	9/30/09	11/16/09	released		SRX008138
2349	RNAseq - dauer exit daf-2 25dC 91hrs 15dC 12hrs post-L1 sequences & alignments	Waterston	Waterston	RNA-seq	RNA profiling			Caenorhabditis elegans		CB1370	whole organism	larva: post dauer stage	9/30/09	11/16/09	released		SRX008140
2351	RNAseq - mid-L2 25dC 14 hrs post-L1 sequences & alignments	Waterston	Waterston	RNA-seq	RNA profiling	Version=3		Caenorhabditis elegans		N2	whole organism	larva: L2 larva	10/1/09	11/19/09	released		SRX001872
2352	RNAseq - mid-L3 25dC 25hrs post-L1 sequences & alignments	Waterston	Waterston	RNA-seq	RNA profiling			Caenorhabditis elegans		N2	whole organism	larva: L3 larva	10/1/09	11/19/09	released		SRX001875
2353	RNAseq - mid-L4 25dC 36hrs post-L1 sequences & alignments	Waterston	Waterston	RNA-seq	RNA profiling			Caenorhabditis elegans		N2	whole organism	larva: L4 larva	10/1/09	11/19/09	released		SRX001874
2354	RNAseq - Young Adult 25dC 46hrs post-L1 sequences & alignment	Waterston	Waterston	RNA-seq	RNA profiling	Version=2		Caenorhabditis elegans		N2	whole organism	larva: newly molted young adult hermaphrodite	10/1/09	11/16/09	released		SRX001873
2374	Lai_GSM399110_Kc	Lai	Lai	RNA-seq	RNA profiling			Drosophila melanogaster	Kc167				2/4/10	2/4/10	released		GSM399110
2375	Lai_GSM371638_S2-NP	Lai	Lai	RNA-seq	RNA profiling			Drosophila melanogaster	S2				2/4/10	2/4/10	released		GSM371638
2376	Lai_GSM399105_imaginal-disc	Lai	Lai	RNA-seq	RNA profiling			Drosophila melanogaster		Canton-S	imaginal disc	adult: adult stage	10/2/09	2/3/10	released		GSM399105
2379	Lai_GSM280087_S2cells_Ago2IP	Lai	Hannon	RNA-seq	RNA profiling	Target=HA;AbName=HA-Peroxidase		Drosophila melanogaster	S2-DRSC				10/2/09	2/2/10	released		GSM280087
2380	Lai_GSM280088_S2cells_Ago1IP	Lai	Hannon	RNA-seq	RNA profiling	Target=Ago1;AbName=Ago1		Drosophila melanogaster	S2-DRSC				10/2/09	2/2/10	released		GSM280088
2381	Lai_GSM280086_adult_ovaries_AGO2IP	Lai	Hannon	RNA-seq	RNA profiling	Target=HA;AbName=HA-Peroxidase		Drosophila melanogaster	Adult ovaries				10/2/09	12/23/09	released		GSM280086
2387	RNAseq - dauer entry daf-2 25dC 48hrs post-L1 sequences & alignments	Waterston	Waterston	RNA-seq	RNA profiling			Caenorhabditis elegans		CB1370	whole organism	larva: L2d-dauer molt	10/2/09	11/16/09	released		SRX008139
2482	3' UTRome 454 sequencing & alignment	Piano	Piano	RNA-seq	RNA profiling			Caenorhabditis elegans		N2	whole organism	mixed: L1 larva, L2 larva, L3 larva, L4 larva, adult, embryo, larva	10/16/09	11/19/09	released		GSM469976
2483	smallRNA from mixed-stage embryos (GSM427346)	Piano	Rajewsky	RNA-seq	raw sequences			Caenorhabditis elegans		TX189	whole organism	embryo: embryo	10/14/09	11/17/09	released		GSM427346
2485	smallRNAs from two-to-four cell C. elegans embryos (GSM427297)	Piano	Rajewsky	RNA-seq	raw sequences			Caenorhabditis elegans		TX189	whole organism	embryo: 2-cell embryo, 4-cell embryo	10/16/09	11/17/09	released		GSM427297
2486	smallRNAs from one cell stage C. elegans embryos (GSM427301)	Piano	Rajewsky	RNA-seq	raw sequences			Caenorhabditis elegans		TX189	whole organism	embryo: 1-cell embryo	10/16/09	11/17/09	released		GSM427301
2487	smallRNAs from post-gastrulation C. elegans embryos (GSM427332)	Piano	Rajewsky	RNA-seq	raw sequences			Caenorhabditis elegans		TX189	whole organism	embryo: elongating embryo, enclosing embryo, fully-elongated embryo, late cleavage stage embryo	10/16/09	11/17/09	released		GSM427332
2488	smallRNAs from older, fixed C. elegans embryos (GSM427344)	Piano	Rajewsky	RNA-seq	raw sequences			Caenorhabditis elegans		TX189	whole organism	embryo: 12-cell embryo, 28-cell embryo, elongating embryo, enclosing embryo, fully-elongated embryo, gastrulating embryo, late cleavage stage embryo	10/16/09	11/17/09	released		GSM427344
2489	small RNAs from living one cell C. elegans embryos (GSM427345)	Piano	Rajewsky	RNA-seq	raw sequences			Caenorhabditis elegans		TX189	whole organism	embryo: 1-cell embryo	10/16/09	11/17/09	released		GSM427345
2543	Lai_GSM360260_0_1day_pupae	Lai	Lai	RNA-seq	RNA profiling			Drosophila melanogaster		Canton-S	whole organism	pupae: pupal stage	12/15/09	1/4/10	released		GSM360260
2546	Lai_GSM360257_1st_instar_larvae	Lai	Lai	RNA-seq	RNA profiling			Drosophila melanogaster		Canton-S	whole organism	larva: first instar larval stage	12/15/09	12/23/09	released		GSM360257
2554	Lai_GSM399107_male-body	Lai	Lai	RNA-seq	RNA profiling			Drosophila melanogaster		Canton-S	abdomen, thorax	adult: adult stage	10/2/09	12/24/09	released		GSM399107
2555	Lai_GSM399106_female-body	Lai	Lai	RNA-seq	RNA profiling			Drosophila melanogaster		Canton-S	abdomen, thorax	adult: adult stage	10/2/09	12/26/09	released		GSM399106
2556	Lai_GSM360262_0-2day_pupae	Lai	Lai	RNA-seq	RNA profiling			Drosophila melanogaster		Canton-S	whole organism	pupae: pupal stage	10/2/09	12/24/09	released		GSM360262
2580	RNA-Seq - pathogen Harposporium 25dC 24hr exposure post-adulthood N2 sequences & alignments	Waterston	Waterston	RNA-seq	RNA profiling		EnvironmentalTreatment=food:Harposporium	Caenorhabditis elegans		N2	whole organism	larva: newly molted young adult hermaphrodite	1/8/10	2/4/10	released		SRX014006
2581	RNA-Seq - pathogen Harposporium control OP50 25dC 24hr exposure post-adulthood N2 sequences & alignments	Waterston	Waterston	RNA-seq	RNA profiling		EnvironmentalTreatment=food:E. coli (OP50)	Caenorhabditis elegans		N2	whole organism	larva: newly molted young adult hermaphrodite	1/10/10	2/4/10	released		SRX014007
2582	RNA-seq - pathogen Smacescens 25dC 24hr exposure post-adulthood N2 sequences & alignment	Waterston	Waterston	RNA-seq	RNA profiling		EnvironmentalTreatment=food:S. marcescens (Db11)	Caenorhabditis elegans		N2	whole organism	larva: newly molted young adult hermaphrodite	1/10/10	2/4/10	released		SRX014008
2583	RNA-seq - soma-only mid-L4 25dC 36hrs post-L1 JK1107 sequences & alignments	Waterston	Waterston	RNA-seq	RNA profiling			Caenorhabditis elegans		JK1107	whole organism	larva: L4 larva	1/10/10	2/4/10	released		SRX014010
2584	RNA-Seq - pathogen Smacescens control OP50 25dC 24hr exposure post-adulthood N2 sequences & alignments	Waterston	Waterston	RNA-seq	RNA profiling		EnvironmentalTreatment=food:E. coli (OP50)	Caenorhabditis elegans		N2	whole organism	larva: newly molted young adult hermaphrodite	1/10/10	2/4/10	released		SRX014009
2586	Cell Line RNA-seq S2_DRSC multimapped reads	Celniker	Graveley	RNA-seq	RNA profiling			Drosophila melanogaster	S2-DRSC				1/14/10	2/13/10	released		SRX003840, SRX003841
2587	RNA-Seq - pathogen Harposporium 25dC 24hr exposure post-adulthood N2 genelets	Waterston	Waterston	RNA-seq	RNA profiling		EnvironmentalTreatment=food:Harposporium	Caenorhabditis elegans		N2	whole organism	larva: newly molted young adult hermaphrodite	1/14/10	2/1/10	released	Adult_Harposporium_exposed_2_24hrs.confirmed_polya.gff3, Adult_Harposporium_exposed_2_24hrs.genelets.RNASEQ.ws170.gff3, Adult_Harposporium_exposed_2_24hrs.confirmed_splice_leaders.gff3, Adult_Harposporium_exposed_2_24hrs.wormbase_transcripts.ws170.gff3, Adult_Harposporium_exposed_2_24hrs.confirmed_introns_all.gff3	SRX014006
2588	RNA-Seq - pathogen Harposporium control OP50 25dC 24hr exposure post-adulthood N2 genelets	Waterston	Waterston	RNA-seq	RNA profiling		EnvironmentalTreatment=food:E. coli (OP50)	Caenorhabditis elegans		N2	whole organism	larva: newly molted young adult hermaphrodite	1/14/10	2/1/10	released	Adult_Harposporium_control_EcoliOP50_exposed_2_24hrs.wormbase_transcripts.ws170.gff3, Adult_Harposporium_control_EcoliOP50_exposed_2_24hrs.confirmed_introns_all.gff3, Adult_Harposporium_control_EcoliOP50_exposed_2_24hrs.confirmed_polya.gff3, Adult_Harposporium_control_EcoliOP50_exposed_2_24hrs.confirmed_splice_leaders.gff3, Adult_Harposporium_control_EcoliOP50_exposed_2_24hrs.genelets.RNASEQ.ws170.gff3	SRX014007
2589	RNA-seq - pathogen Smacescens 25dC 24hr exposure post-adulthood N2 genelets	Waterston	Waterston	RNA-seq	RNA profiling		EnvironmentalTreatment=food:S. marcescens (Db11)	Caenorhabditis elegans		N2	whole organism	larva: newly molted young adult hermaphrodite	1/14/10	2/2/10	released	Adult_S_macescens_Db10_exposed_1_24hrs.wormbase_transcripts.ws170.gff3, Adult_S_macescens_Db10_exposed_1_24hrs.genelets.RNASEQ.ws170.gff3, Adult_S_macescens_Db10_exposed_1_24hrs.confirmed_introns_all.gff3, Adult_S_macescens_Db10_exposed_1_24hrs.confirmed_polya.gff3, Adult_S_macescens_Db10_exposed_1_24hrs.confirmed_splice_leaders.gff3	SRX014008
2590	RNA-seq - soma-only mid-L4 25dC 36hrs post-L1 JK1107 genelets	Waterston	Waterston	RNA-seq	RNA profiling			Caenorhabditis elegans		JK1107	whole organism	larva: L4 larva	1/14/10	2/2/10	released	L4_soma_JK1107_no_DNaseI.wormbase_transcripts.ws170.gff3, L4_soma_JK1107_no_DNaseI.confirmed_introns_all.gff3, L4_soma_JK1107_no_DNaseI.confirmed_polya.gff3, L4_soma_JK1107_no_DNaseI.genelets.RNASEQ.ws170.gff3, L4_soma_JK1107_no_DNaseI.confirmed_splice_leaders.gff3	SRX014010
2591	RNA-Seq - pathogen Smacescens control OP50 25dC 24hr exposure post-adulthood N2 genelets	Waterston	Waterston	RNA-seq	RNA profiling		EnvironmentalTreatment=food:E. coli (OP50)	Caenorhabditis elegans		N2	whole organism	larva: newly molted young adult hermaphrodite	1/14/10	2/2/10	released	Adult_S_macescens_Db10_control_EcoliOP50_exposed_1_24hrs.genelets.RNASEQ.ws170.gff3, Adult_S_macescens_Db10_control_EcoliOP50_exposed_1_24hrs.confirmed_introns_all.gff3, Adult_S_macescens_Db10_control_EcoliOP50_exposed_1_24hrs.confirmed_polya.gff3, Adult_S_macescens_Db10_control_EcoliOP50_exposed_1_24hrs.confirmed_splice_leaders.gff3, Adult_S_macescens_Db10_control_EcoliOP50_exposed_1_24hrs.wormbase_transcripts.ws170.gff3	SRX014009
2592	Cell Line RNA-seq CME_W1_CI.8+ multimapped reads	Celniker	Graveley	RNA-seq	RNA profiling			Drosophila melanogaster	CME W1 Cl.8+				1/14/10	2/13/10	released		SRX003834, SRX003835
2593	Cell Line RNA-seq Kc167 multimapped reads	Celniker	Graveley	RNA-seq	RNA profiling			Drosophila melanogaster	Kc167				1/15/10	2/13/10	released		SRX003836, SRX003837
2594	Cell Line RNA-seq ML-DmBG3-c2 multimapped reads	Celniker	Graveley	RNA-seq	RNA profiling			Drosophila melanogaster	ML-DmBG3-c2				1/15/10	2/13/10	released		SRX003838, SRX003839
2605	Lai_OvarySomaticSheet_smallRNA_4replicates	Lai	Lai	RNA-seq	RNA profiling			Drosophila melanogaster	Ovary Somatic Sheet				1/21/10	2/3/10	released		GSM385744
2606	Lai_Kc167_2rep	Lai	Lai	RNA-seq	RNA profiling			Drosophila melanogaster	Kc167				1/22/10	2/3/10	released		GSM399100,GSM399101
2608	Lai_S2R+_2rep	Lai	Lai	RNA-seq	RNA profiling			Drosophila melanogaster	S2R+				1/22/10	2/3/10	released		GSM343832
2647	RNAseq - 0911 aggregate fourteen stages - non-redundant exons	Waterston	Waterston	RNA-seq	RNA profiling			Caenorhabditis elegans					1/26/10	2/19/10	released	mid-L1_20dC_4hrs_post-L1.integrated_transcripts.ws170.gff3, embryo_him-8_20dC_post-L1.integrated_transcripts.ws170.gff3, mid-L4_20dC_36hrs_post-L1.integrated_transcripts.ws170.gff3, dauer_daf-2_25dC_91hrs_post-L1.integrated_transcripts.ws170.gff3, dauer_entry_daf-2_25dC_48hrs_post-L1.integrated_transcripts.ws170.gff3, Young_Adult_25dC_46hrs_post-L1.integrated_transcripts.ws170.gff3, early_embryo.integrated_transcripts.ws170.gff3, male_mid-L4_25dC_30hrs_post-L1.integrated_transcripts.ws170.gff3, late_embryo_20dC_4.5hrs_post-early_embryo.integrated_transcripts.ws170.gff3, Adult_spe-9_23dC_8days_post-L4_molt.integrated_transcripts.ws170.gff3, dauer_exit_daf-2_25dC_91hrs_15dC_12hrs_post-L1.integrated_transcripts.ws170.gff3, C_elegans_nrexon_v2.0.ws190.gff3, mid-L2_20dC_14hrs_post-L1.integrated_transcripts.ws170.gff3, mid-L3_20dC_25hrs_post-L1.integrated_transcripts.ws170.gff3, Aggregate_0911.integrated_transcripts.v3.ws170.gff3, lin-35(n745)_mid-L1_25dC_4.0hrs_post-L1.integrated_transcripts.ws170.gff3	
2676	D.melanogaster 0-2hr embryo, SOLiD total RNA-seq	Celniker	Celniker	RNA-seq	RNA profiling			Drosophila melanogaster, Caenorhabditis elegans		y; cn bw sp	whole organism	embryo: embryonic stage, pre-blastoderm stage, embryonic stage 1-2	1/27/10	2/13/10	released		SRX015641
2677	D.melanogaster 2-4hr embryo, SOLiD total RNA-seq	Celniker	Celniker	RNA-seq	RNA profiling			Drosophila melanogaster, Caenorhabditis elegans		y; cn bw sp	whole organism	embryo: early extended germ band stage, embryonic stage, embryonic stage 5-9	1/27/10	2/13/10	released		SRX015642
2678	D.melanogaster 4-6hr embryo, SOLiD total RNA-seq	Celniker	Celniker	RNA-seq	RNA profiling			Drosophila melanogaster, Caenorhabditis elegans		y; cn bw sp	whole organism	embryo: early extended germ band stage, extended germ band stage, late extended germ band stage, embryonic stage 9-11	1/27/10	2/13/10	released		SRX015643
2679	D.melanogaster 6-8hr embryo, SOLiD total RNA-seq	Celniker	Celniker	RNA-seq	RNA profiling			Drosophila melanogaster, Caenorhabditis elegans		y; cn bw sp	whole organism	embryo: extended germ band stage, late extended germ band stage, embryonic stage 11-12	1/27/10	2/15/10	released		SRX015644
2680	D.melanogaster 8-10hr embryo, SOLiD total RNA-seq	Celniker	Celniker	RNA-seq	RNA profiling			Drosophila melanogaster, Caenorhabditis elegans		y; cn bw sp	whole organism	embryo: late extended germ band stage, embryonic stage 12-13	1/27/10	2/13/10	released		SRX015645
2681	D.melanogaster 10-12hr embryo, SOLiD total RNA-seq	Celniker	Celniker	RNA-seq	RNA profiling			Drosophila melanogaster, Caenorhabditis elegans		y; cn bw sp	whole organism	embryo: embryonic stage 13-15	1/27/10	2/13/10	released		SRX015646
2682	D.melanogaster 12-14hr embryo, SOLiD total RNA-seq	Celniker	Celniker	RNA-seq	RNA profiling			Drosophila melanogaster, Caenorhabditis elegans		y; cn bw sp	whole organism	embryo: dorsal closure stage, embryonic stage, fertilized egg stage, late embryonic stage, unfertilized egg stage, embryonic stage 15-16	1/27/10	2/13/10	released		SRX015647
2683	D.melanogaster 14-16hr embryo, SOLiD total RNA-seq	Celniker	Celniker	RNA-seq	RNA profiling			Drosophila melanogaster, Caenorhabditis elegans		y; cn bw sp	whole organism	embryo: egg stage, embryonic stage, fertilized egg stage, late embryonic stage, unfertilized egg stage, embryonic stage 16	1/27/10	2/13/10	released		SRX015648
2684	D.melanogaster 16-18hr embryo, SOLiD total RNA-seq	Celniker	Celniker	RNA-seq	RNA profiling			Drosophila melanogaster, Caenorhabditis elegans		y; cn bw sp	whole organism	embryo: egg stage, embryonic stage, fertilized egg stage, late embryonic stage, unfertilized egg stage, embryonic stage 17	1/27/10	2/13/10	released		SRX015649
2685	D.melanogaster 18-20hr embryo, SOLiD total RNA-seq	Celniker	Celniker	RNA-seq	RNA profiling			Drosophila melanogaster, Caenorhabditis elegans		y; cn bw sp	whole organism	embryo: egg stage, embryonic stage, late embryonic stage, embryonic stage 17	1/27/10	2/13/10	released		SRX015650
2686	D.melanogaster 20-22hr embryo, SOLiD total RNA-seq	Celniker	Celniker	RNA-seq	RNA profiling			Drosophila melanogaster, Caenorhabditis elegans		y; cn bw sp	whole organism	embryo: embryonic stage, embryonic stage 17	1/27/10	2/13/10	released		SRX015651
2687	D.melanogaster 22-24hr embryo, SOLiD total RNA-seq	Celniker	Celniker	RNA-seq	RNA profiling			Drosophila melanogaster, Caenorhabditis elegans		y; cn bw sp	whole organism	embryo: embryonic stage, late embryonic stage, embryonic stage 17	1/27/10	2/14/10	released		SRX015652
2719	Lai_ML-DmBG3-C2_BS179	Lai	Lai	RNA-seq	RNA profiling			Drosophila melanogaster	ML-DmBG3-c2				1/28/10	2/3/10	released		, GSE24306, GSM609225
2721	Lai_CMEW1_Cl_8	Lai	Lai	RNA-seq	RNA profiling			Drosophila melanogaster	CME W1 Cl.8+				1/28/10	2/3/10	released		, GSE24307, GSM609226, GSM609227
2722	Lai_S2-DRSC-BS11	Lai	Lai	RNA-seq	RNA profiling			Drosophila melanogaster	S2-DRSC				1/28/10	2/3/10	released		, GSE24308, GSM609228
2725	Lai_GSM361908_s2	Lai	Lai	RNA-seq	RNA profiling			Drosophila melanogaster	S2-GMR				1/28/10	2/3/10	released		GSM361908
2730	Day0_spe-9 Solexa Raw Data SOAP-aligned	Waterston	Slack	RNA-seq	RNA profiling			Caenorhabditis elegans		BA671	whole organism	larva: newly molted young adult hermaphrodite	1/29/10	2/13/10	released		GSM463029
2732	Day5_spe-9 Solexa Raw Data SOAP-aligned	Waterston	Slack	RNA-seq	RNA profiling			Caenorhabditis elegans		BA671	whole organism	adult: 5-days post-L4 adult hermaphrodite	1/29/10	2/13/10	released		GSM463026
2733	Day8_spe-9 Solexa Raw Data SOAP-aligned	Waterston	Slack	RNA-seq	RNA profiling			Caenorhabditis elegans		BA671	whole organism	adult: 7-10 days post-L4 adult hermaphrodite	1/29/10	2/13/10	released		GSM463030
2734	Day12_spe-9 Solexa Raw Data SOAP-aligned	Waterston	Slack	RNA-seq	RNA profiling			Caenorhabditis elegans		BA671	whole organism	adult: adult hermaphrodite	1/29/10	2/13/10	released		GSM463028
2741	Dm Canton-S Embryo 12-24h smallRNA RNA-Seq	Lai	Lai	RNA-seq	RNA profiling			Drosophila melanogaster		Canton-S	whole organism	embryo: embryonic stage	1/29/10	2/3/10	released		GSM364902
2742	Lai_embryo_14-24hr_Bs61-64-67-73	Lai	Lai	RNA-seq	RNA profiling			Drosophila melanogaster		y; cn bw sp	whole organism	embryo: egg stage, embryonic stage, fertilized egg stage, late embryonic stage, unfertilized egg stage, embryonic stage 16-17	2/1/10	2/1/10	released		, GSE24309, GSM609229
2743	Lai_embryo_2-6hr_BS43-46	Lai	Lai	RNA-seq	RNA profiling			Drosophila melanogaster		y; cn bw sp	whole organism	embryo: early extended germ band stage, embryonic stage, extended germ band stage, late extended germ band stage, embryonic stage 5-11	1/29/10	2/3/10	released		, GSE24539, GSM609238
2744	Lai_CantonS_ovary_Ago1IP	Lai	Hannon	RNA-seq	RNA profiling	Target=Ago1;AbName=Ago1		Drosophila melanogaster		Canton-S	ovary	adult: adult stage	1/29/10	2/3/10	released		, GSE24310, GSM609230
2746	Lai_Ago2-414_ovary_Ago1IP	Lai	Hannon	RNA-seq	RNA profiling	Target=Ago1;AbName=Ago1		Drosophila melanogaster		Ago2[414]	ovary	adult: adult stage	1/29/10	2/4/10	released		, GSE24311, GSM609231
2748	Lai_r2d2_ovary_totalRNA	Lai	Hannon	RNA-seq	RNA profiling			Drosophila melanogaster		r2d2[1]	ovary	adult: adult stage	1/29/10	2/4/10	released		, GSE24312, GSM609232
2749	Lai_r2d2_ovary_Ago1IP	Lai	Hannon	RNA-seq	RNA profiling	Target=Ago1;AbName=Ago1		Drosophila melanogaster		r2d2[1]	ovary	adult: adult stage	1/29/10	2/4/10	released		, GSE24313, GSM609233
2751	Lai_CantonS_male	Lai	Lai	RNA-seq	RNA profiling			Drosophila melanogaster		Canton-S	abdomen, thorax	adult: adult stage	1/29/10	2/2/10	released		, GSE24314, GSM609234
2776	Embryo_miRNA_expression_change	Waterston	Slack	RNA-seq	RNA profiling			Caenorhabditis elegans		N2	whole organism	embryo: embryo	2/1/10	2/13/10	released	embryo_miRNA_0210.gff3	GSM336052
2777	mid-L1_miRNA_expression_change	Waterston	Slack	RNA-seq	RNA profiling			Caenorhabditis elegans		N2	whole organism	larva: L1 larva	2/1/10	2/13/10	released	mid-L1_miRNA_0210.gff3	GSM336055
2778	mid-L2_miRNA_expression_change	Waterston	Slack	RNA-seq	RNA profiling			Caenorhabditis elegans		N2	whole organism	larva: L2 larva	2/1/10	2/13/10	released	mid-L2_miRNA_0210.gff3	GSM336056
2779	mid-L3_miRNA_expression_change	Waterston	Slack	RNA-seq	RNA profiling			Caenorhabditis elegans		N2	whole organism	larva: L3 larva	2/1/10	2/13/10	released	mid-L3_miRNA_0210.gff3	GSM336058
2780	mid-L4_miRNA_expression_change	Waterston	Slack	RNA-seq	RNA profiling			Caenorhabditis elegans		N2	whole organism	larva: L4 larva	2/1/10	2/13/10	released	mid-L4_miRNA_0210.gff3	GSM336059
2781	young-adult_miRNA_expression_change	Waterston	Slack	RNA-seq	RNA profiling			Caenorhabditis elegans		N2	whole organism	larva: newly molted young adult hermaphrodite	2/1/10	2/13/10	released	young-adult_miRNA_0210.gff3	GSM336060
2782	male-yAd_miRNA_expression_change	Waterston	Slack	RNA-seq	RNA profiling			Caenorhabditis elegans		CB4689	whole organism	adult: adult male	2/1/10	2/13/10	released	male-yAd_miRNA_0210.gff3	GSM336086
2785	Day0_spe-9_23dC_miRNA_expression_change	Waterston	Slack	RNA-seq	RNA profiling			Caenorhabditis elegans		BA671	whole organism	larva: newly molted young adult hermaphrodite	2/1/10	2/13/10	released	Day0-spe-9_miRNA_0210.gff3	GSM463029
2786	Day5_spe-9_23dC_miRNA_expression_change	Waterston	Slack	RNA-seq	RNA profiling			Caenorhabditis elegans		BA671	whole organism	adult: 5-days post-L4 adult hermaphrodite	2/1/10	2/13/10	released	Day5-spe-9_miRNA_0210.gff3	GSM463026
2787	Day8_spe-9_23dC_miRNA_expression_change	Waterston	Slack	RNA-seq	RNA profiling			Caenorhabditis elegans		BA671	whole organism	adult: 7-10 days post-L4 adult hermaphrodite	2/1/10	2/13/10	released	Day8-spe-9_miRNA_0210.gff3	GSM463030
2788	Day12_spe-9_23dC_miRNA_expression_change	Waterston	Slack	RNA-seq	RNA profiling			Caenorhabditis elegans		BA671	whole organism	adult: adult hermaphrodite	2/1/10	2/13/10	released	Day12-spe-9_miRNA_0210.gff3	GSM463028
2820	Lai_CMEL1_BS28	Lai	Lai	RNA-seq	RNA profiling			Drosophila melanogaster	CME L1				2/2/10	2/9/10	released		, GSE24315, GSM609235
2821	small RNA Illumina sequencing of eri-1(mg366)	Piano	Kim	RNA-seq	RNA profiling			Caenorhabditis elegans		GR1373	whole organism	larva: newly molted young adult hermaphrodite	2/2/10	2/14/10	released		GSM510086
2822	small RNA Illumina sequencing of glp-4(bn2)	Piano	Kim	RNA-seq	RNA profiling			Caenorhabditis elegans		SS104	whole organism	larva: newly molted young adult hermaphrodite	2/2/10	2/14/10	released		GSM510087
2823	small RNA Illumina sequencing of him-8 sperm	Piano	Piano	RNA-seq	RNA profiling			Caenorhabditis elegans		CB1489	spermatid	adult: adult male	2/2/10	2/15/10	released		GSM510089
2825	small RNA Illumina sequencing of N2 whole worms	Piano	Kim	RNA-seq	RNA profiling			Caenorhabditis elegans		N2	whole organism	mixed: L1 larva, L2 larva, L3 larva, L4 larva, adult, embryo, larva	2/2/10	2/14/10	released		GSM510088
2826	small RNA Illumina sequencing of N2 embryos	Piano	Kim	RNA-seq	RNA profiling			Caenorhabditis elegans		N2	whole organism	embryo: embryo	2/2/10	2/15/10	released		GSM510085
2827	small RNA 454 sequencing of eri-1(mg366)	Piano	Piano	RNA-seq	RNA profiling			Caenorhabditis elegans		GR1373	whole organism	larva: newly molted young adult hermaphrodite	2/2/10	2/14/10	released		GSM509929
2828	small RNA 454 sequencing of glp-4(bn2)	Piano	Piano	RNA-seq	RNA profiling			Caenorhabditis elegans		SS104	whole organism	larva: newly molted young adult hermaphrodite	2/2/10	2/14/10	released		GSM509930
2829	small RNA 454 sequencing of him-8 sperm	Piano	Piano	RNA-seq	RNA profiling			Caenorhabditis elegans		CB1489	spermatid	adult: adult male	2/2/10	2/14/10	released		GSM509932
2830	small RNA Illumina sequencing of fer-1 unfertilized oocytes	Piano	Kim	RNA-seq	RNA profiling			Caenorhabditis elegans		BA1	oocyte	adult: adult male	2/2/10	2/15/10	released		GSM510090
2831	small RNA 454 sequencing of N2 young adults	Piano	Piano	RNA-seq	RNA profiling			Caenorhabditis elegans		N2	whole organism	larva: newly molted young adult hermaphrodite	2/2/10	2/14/10	released		GSM509931
2832	small RNA 454 sequencing of fer-1 unfertilized oocytes	Piano	Piano	RNA-seq	RNA profiling			Caenorhabditis elegans		BA1	oocyte	adult: adult male	2/2/10	2/14/10	released		GSM509933
2833	Lai_Dcr-2_L811fsX_ovary_Ago1IP	Lai	Hannon	RNA-seq	RNA profiling	Target=Ago1;AbName=Ago1		Drosophila melanogaster		Dcr-2[L811fsX]	ovary	adult: adult stage	1/29/10	2/8/10	released		, GSE24316, GSM609236
2834	Lai_Ago2-414_ovary	Lai	Hannon	RNA-seq	RNA profiling			Drosophila melanogaster		Ago2[414]	ovary	adult: adult stage	1/29/10	2/8/10	released		, GSE24317, GSM609237
2835	RNAseq - Adult spe-9 23dC 8days post-L4 molt genelets revised	Waterston	Waterston	RNA-seq	RNA profiling			Caenorhabditis elegans		BA671	whole organism	adult: adult	1/16/10	2/4/10	released	Adult_spe-9_23dC_8days_post-L4_molt.confirmed_polya.gff3, Adult_spe-9_23dC_8days_post-L4_molt.confirmed_splice_leaders.gff3, Adult_spe-9_23dC_8days_post-L4_molt.genelets.RNASEQ.ws170.gff3, Adult_spe-9_23dC_8days_post-L4_molt.wormbase_transcripts.ws170.gff3, Adult_spe-9_23dC_8days_post-L4_molt.confirmed_introns_all.gff3	SRX008136
2836	RNAseq - Young Adult 25dC 46hrs post-L1 genelets revised	Waterston	Waterston	RNA-seq	RNA profiling			Caenorhabditis elegans		N2	whole organism	larva: newly molted young adult hermaphrodite	1/16/10	2/4/10	released	Young_Adult_25dC_46hrs_post-L1.confirmed_splice_leaders.gff3, Young_Adult_25dC_46hrs_post-L1.genelets.RNASEQ.ws170.gff3, Young_Adult_25dC_46hrs_post-L1.confirmed_introns_all.gff3, Young_Adult_25dC_46hrs_post-L1.confirmed_polya.gff3, Young_Adult_25dC_46hrs_post-L1.wormbase_transcripts.ws170.gff3	SRX001873
2837	RNAseq - dauer daf-2 25dC 91hrs post-L1 genelets revised	Waterston	Waterston	RNA-seq	RNA profiling	Version=2		Caenorhabditis elegans		CB1370	whole organism	larva: dauer larva	1/16/10	2/4/10	released	dauer_daf-2_25dC_91hrs_post-L1.genelets.RNASEQ.ws170.gff3, dauer_daf-2_25dC_91hrs_post-L1.wormbase_transcripts.ws170.gff3, dauer_daf-2_25dC_91hrs_post-L1.confirmed_introns_all.gff3, dauer_daf-2_25dC_91hrs_post-L1.confirmed_polya.gff3, dauer_daf-2_25dC_91hrs_post-L1.confirmed_splice_leaders.gff3	SRX008138
2838	RNAseq - dauer entry daf-2 25dC 48hrs post-L1 genelets revised	Waterston	Waterston	RNA-seq	RNA profiling	Version=2		Caenorhabditis elegans		CB1370	whole organism	larva: L2d-dauer molt	1/16/10	2/4/10	released	dauer_entry_daf-2_25dC_48hrs_post-L1.wormbase_transcripts.ws170.gff3, dauer_entry_daf-2_25dC_48hrs_post-L1.confirmed_introns_all.gff3, dauer_entry_daf-2_25dC_48hrs_post-L1.confirmed_polya.gff3, dauer_entry_daf-2_25dC_48hrs_post-L1.confirmed_splice_leaders.gff3, dauer_entry_daf-2_25dC_48hrs_post-L1.genelets.RNASEQ.ws170.gff3	SRX008139
2839	RNAseq - dauer exit daf-2 25dC 91hrs 15dC 12hrs post-L1 genelets revised	Waterston	Waterston	RNA-seq	RNA profiling	Version=2		Caenorhabditis elegans		CB1370	whole organism	larva: post dauer stage	1/16/10	2/5/10	released	dauer_exit_daf-2_25dC_91hrs_15dC_12hrs_post-L1.confirmed_polya.gff3, dauer_exit_daf-2_25dC_91hrs_15dC_12hrs_post-L1.confirmed_introns_all.gff3, dauer_exit_daf-2_25dC_91hrs_15dC_12hrs_post-L1.confirmed_splice_leaders.gff3, dauer_exit_daf-2_25dC_91hrs_15dC_12hrs_post-L1.wormbase_transcripts.ws170.gff3, dauer_exit_daf-2_25dC_91hrs_15dC_12hrs_post-L1.genelets.RNASEQ.ws170.gff3	SRX008140
2840	RNAseq - early embryo genelets revised	Waterston	Waterston	RNA-seq	RNA profiling			Caenorhabditis elegans		N2	whole organism	embryo: blastula embryo, gastrulating embryo	1/16/10	2/18/10	released	early_embryo.wormbase_transcripts.ws170.gff3, early_embryo.confirmed_splice_leaders.gff3, early_embryo.genelets.RNASEQ.ws170.gff3, early_embryo.confirmed_introns_all.gff3, early_embryo.confirmed_polya.gff3	SRX004863, SRX004864
2841	RNAseq - embryo him-8 20dC post-L1 genelets revised	Waterston	Waterston	RNA-seq	RNA profiling			Caenorhabditis elegans		CB1489	whole organism	embryo: embryo	1/16/10	2/5/10	released	embryo_him-8_20dC_post-L1.confirmed_introns_all.gff3, embryo_him-8_20dC_post-L1.genelets.RNASEQ.ws170.gff3, embryo_him-8_20dC_post-L1.wormbase_transcripts.ws170.gff3, embryo_him-8_20dC_post-L1.confirmed_polya.gff3, embryo_him-8_20dC_post-L1.confirmed_splice_leaders.gff3	SRX011569
2842	RNAseq - late embryo 20dC 4.5hrs post-early embryo genelets revised	Waterston	Waterston	RNA-seq	RNA profiling			Caenorhabditis elegans		N2	whole organism	embryo: elongating embryo, enclosing embryo, fully-elongated embryo, late cleavage stage embryo	1/16/10	2/9/10	released	late_embryo_20dC_4.5hrs_post-early_embryo.confirmed_polya.gff3, late_embryo_20dC_4.5hrs_post-early_embryo.genelets.RNASEQ.ws170.gff3, late_embryo_20dC_4.5hrs_post-early_embryo.confirmed_splice_leaders.gff3, late_embryo_20dC_4.5hrs_post-early_embryo.confirmed_introns_all.gff3, late_embryo_20dC_4.5hrs_post-early_embryo.wormbase_transcripts.ws170.gff3	SRX004865, SRX004866
2843	RNAseq - lin-35(n745) mid-L1 25dC 4.0hrs post-L1 genelets revised	Waterston	Waterston	RNA-seq	RNA profiling	Version=2		Caenorhabditis elegans		MT10430	whole organism	larva: L1 larva	1/16/10	2/5/10	released	lin-35(n745)_mid-L1_25dC_4.0hrs_post-L1.confirmed_polya.gff3, lin-35(n745)_mid-L1_25dC_4.0hrs_post-L1.genelets.RNASEQ.ws170.gff3, lin-35(n745)_mid-L1_25dC_4.0hrs_post-L1.confirmed_splice_leaders.gff3, lin-35(n745)_mid-L1_25dC_4.0hrs_post-L1.confirmed_introns_all.gff3, lin-35(n745)_mid-L1_25dC_4.0hrs_post-L1.wormbase_transcripts.ws170.gff3	SRX004869
2844	RNAseq - male mid-L4 dpy28(y1);him-8(e1489) 25dC 30hrs post-L1 genelets revised	Waterston	Waterston	RNA-seq	RNA profiling			Caenorhabditis elegans		CB4689	whole organism	larva: L4 larva male	1/16/10	2/5/10	released	male_mid-L4_25dC_30hrs_post-L1.wormbase_transcripts.ws170.gff3, male_mid-L4_25dC_30hrs_post-L1.confirmed_splice_leaders.gff3, male_mid-L4_25dC_30hrs_post-L1.confirmed_introns_all.gff3, male_mid-L4_25dC_30hrs_post-L1.confirmed_polya.gff3, male_mid-L4_25dC_30hrs_post-L1.genelets.RNASEQ.ws170.gff3	SRX004868
2845	RNAseq - mid-L1 20dC 4hrs post-L1 genelets revised	Waterston	Waterston	RNA-seq	RNA profiling			Caenorhabditis elegans		N2	whole organism	larva: L1 larva	1/16/10	2/11/10	released	mid-L1_20dC_4hrs_post-L1.confirmed_splice_leaders.gff3, mid-L1_20dC_4hrs_post-L1.wormbase_transcripts.ws170.gff3, mid-L1_20dC_4hrs_post-L1.confirmed_polya.gff3, mid-L1_20dC_4hrs_post-L1.genelets.RNASEQ.ws170.gff3, mid-L1_20dC_4hrs_post-L1.confirmed_introns_all.gff3	SRX004867
2846	RNAseq - mid-L2 25dC 14hrs post-L1 genelets revised	Waterston	Waterston	RNA-seq	RNA profiling			Caenorhabditis elegans		N2	whole organism	larva: L2 larva	1/16/10	2/11/10	released	mid-L2_25dC_14hrs_post-L1.wormbase_transcripts.ws170.gff3, mid-L2_25dC_14hrs_post-L1.confirmed_introns_all.gff3, mid-L2_25dC_14hrs_post-L1.confirmed_polya.gff3, mid-L2_25dC_14hrs_post-L1.confirmed_splice_leaders.gff3, mid-L2_25dC_14hrs_post-L1.genelets.RNASEQ.ws170.gff3	SRX001872
2847	RNAseq - mid-L3 25dC 25hrs post-L1 genelets revised	Waterston	Waterston	RNA-seq	RNA profiling			Caenorhabditis elegans		N2	whole organism	larva: L3 larva	1/16/10	2/5/10	released	mid-L3_25dC_25hrs_post-L1.confirmed_introns_all.gff3, mid-L3_25dC_25hrs_post-L1.confirmed_splice_leaders.gff3, mid-L3_25dC_25hrs_post-L1.wormbase_transcripts.ws170.gff3, mid-L3_25dC_25hrs_post-L1.genelets.RNASEQ.ws170.gff3, mid-L3_25dC_25hrs_post-L1.confirmed_polya.gff3	SRX001875
2848	RNAseq - mid-L4 25dC 36hrs post-L1 genelets revised	Waterston	Waterston	RNA-seq	RNA profiling			Caenorhabditis elegans		N2	whole organism	larva: L4 larva	1/16/10	2/12/10	released	mid-L4_25dC_36hrs_post-L1.confirmed_introns_all.gff3, mid-L4_25dC_36hrs_post-L1.confirmed_polya.gff3, mid-L4_25dC_36hrs_post-L1.confirmed_splice_leaders.gff3, mid-L4_25dC_36hrs_post-L1.genelets.RNASEQ.ws170.gff3, mid-L4_25dC_36hrs_post-L1.wormbase_transcripts.ws170.gff3	SRX001874
2866	100222 Dev Timecourse Adult Female Eclosure+1d RNA-Seq multimapped reads	Celniker	Celniker	RNA-seq	RNA profiling			Drosophila melanogaster		y; cn bw sp	whole organism	adult: adult stage	2/22/10	6/28/10	released		SRR023595, SRR023662, SRR023680, SRR023702, SRR023737, SRR023828, SRR024220, SRR035393
2867	100222 Dev Timecourse Adult Female Eclosure+30d RNA-Seq multimapped reads	Celniker	Celniker	RNA-seq	RNA profiling			Drosophila melanogaster		y; cn bw sp	whole organism	adult: adult stage	2/22/10	6/28/10	released		SRR023548, SRR023598, SRR023674, SRR023681, SRR023712, SRR023757, SRR029232, SRR029236
2868	100222 Dev Timecourse Adult Female Eclosure+5d RNA-Seq multimapped reads	Celniker	Celniker	RNA-seq	RNA profiling			Drosophila melanogaster		y; cn bw sp	whole organism	adult: adult stage	2/22/10	6/28/10	released		SRR023547, SRR023607, SRR023645, SRR023651, SRR023717, SRR023730, SRR029230, SRR029234
2869	100222 Dev Timecourse Adult Male Eclosure+1d RNA-Seq multimapped reads	Celniker	Celniker	RNA-seq	RNA profiling			Drosophila melanogaster		y; cn bw sp	whole organism	adult: adult stage	2/22/10	6/28/10	released		SRR023543, SRR023648, SRR023664, SRR023678, SRR023741, SRR023825, SRR035394
2870	100222 Dev Timecourse Adult Male Eclosure+30d RNA-Seq multimapped reads	Celniker	Celniker	RNA-seq	RNA profiling			Drosophila melanogaster		y; cn bw sp	whole organism	adult: adult stage	2/22/10	6/28/10	released		SRR023601, SRR023650, SRR023698, SRR023714, SRR023752, SRR023823, SRR024218, SRR035395
2871	100222 Dev Timecourse Adult Male Eclosure+5d RNA-Seq multimapped reads	Celniker	Celniker	RNA-seq	RNA profiling			Drosophila melanogaster		y; cn bw sp	whole organism	adult: adult stage	2/22/10	6/28/10	released		SRR023550, SRR023605, SRR023606, SRR023642, SRR023658, SRR023672, SRR023679, SRR023713, SRR029176, SRR029231, SRR029233, SRR029235
2872	100222 Dev Timecourse Larvae L1 RNA-Seq multimapped reads	Celniker	Celniker	RNA-seq	RNA profiling			Drosophila melanogaster		y; cn bw sp	whole organism	larva: first instar larval stage, larval stage	2/22/10	6/28/10	released		SRR023597, SRR023646, SRR023661, SRR023666, SRR023706, SRR023835, SRR035410
2873	100222 Dev Timecourse Larvae L2 RNA-Seq multimapped reads	Celniker	Celniker	RNA-seq	RNA profiling			Drosophila melanogaster		y; cn bw sp	whole organism	larva: larval stage, second instar larval stage	2/22/10	6/28/10	released		SRR023542, SRR023670, SRR023719, SRR023761, SRR023824, SRR024016, SRR035223, SRR035411, SRR035412
2874	100222 Dev Timecourse Larvae L3 + 12hr RNA-Seq multimapped reads	Celniker	Celniker	RNA-seq	RNA profiling			Drosophila melanogaster		y; cn bw sp	whole organism	larva: larval stage, third instar larval stage	2/22/10	6/28/10	released		SRR023507, SRR023649, SRR023677, SRR023731, SRR023760, SRR027111
2875	100222 Dev Timecourse Larvae L3 PS1-2 RNA-Seq multimapped reads	Celniker	Celniker	RNA-seq	RNA profiling			Drosophila melanogaster		y; cn bw sp	whole organism	larva: larval stage, third instar larval stage	2/22/10	6/28/10	released		SRR023546, SRR023608, SRR023638, SRR023640, SRR023697, SRR023726, SRR023758, SRR035413
2876	100222 Dev Timecourse Larvae L3 PS3-6 RNA-Seq multimapped reads	Celniker	Celniker	RNA-seq	RNA profiling			Drosophila melanogaster		y; cn bw sp	whole organism	larva: larval stage	2/22/10	6/28/10	released		SRR023505, SRR023676, SRR023683, SRR023690, SRR023692, SRR023742, SRR027108
2877	100222 Dev Timecourse Larvae L3 PS7-9 RNA-Seq multimapped reads	Celniker	Celniker	RNA-seq	RNA profiling			Drosophila melanogaster		y; cn bw sp	whole organism	larva: larval stage	2/22/10	6/28/10	released		SRR023729, SRR023739, SRR023782, SRR023865, SRR026433, SRR035219, SRR035392
2878	100222 Dev Timecourse White Pre-pupae RNA-Seq multimapped reads	Celniker	Celniker	RNA-seq	RNA profiling			Drosophila melanogaster		y; cn bw sp	whole organism	larva: prepupal stage, prepupal stage P1	2/22/10	6/28/10	released		SRR023687, SRR023695, SRR023704, SRR023784, SRR023837, SRR026432, SRR035217
2879	100222 Dev Timecourse White Pre-pupae + 12hr RNA-Seq multimapped reads	Celniker	Celniker	RNA-seq	RNA profiling			Drosophila melanogaster		y; cn bw sp	whole organism	larva: prepupal stage, prepupal stage P4, prepupal stage P4(i), prepupal stage P4(ii)	2/22/10	6/28/10	released		SRR023544, SRR023639, SRR023647, SRR023689, SRR023716, SRR023833, SRR035414
2880	100222 Dev Timecourse White Pre-pupae + 24hr RNA-Seq multimapped reads	Celniker	Celniker	RNA-seq	RNA profiling			Drosophila melanogaster		y; cn bw sp	whole organism	pupae: pupal stage, pupal stage P6	2/22/10	6/28/10	released		SRR023541, SRR023656, SRR023708, SRR023756, SRR023830, SRR035415
2881	100222 Dev Timecourse White Pre-pupae + 2days RNA-Seq multimapped reads	Celniker	Celniker	RNA-seq	RNA profiling			Drosophila melanogaster		y; cn bw sp	whole organism	pupae: pharate adult stage, pharate adult stage P8	2/22/10	6/28/10	released		SRR023667, SRR023721, SRR023743, SRR023785, SRR023829, SRR026431
2882	100222 Dev Timecourse White Pre-pupae + 3days RNA-Seq multimapped reads	Celniker	Celniker	RNA-seq	RNA profiling			Drosophila melanogaster		y; cn bw sp	whole organism	pupae: pharate adult stage, pharate adult stage P9	2/22/10	6/28/10	released		SRR023738, SRR023744, SRR023748, SRR023783, SRR024216, SRR026430, SRR035218, SRR035391
2883	100222 Dev Timecourse White Pre-pupae + 4days RNA-Seq multimapped reads	Celniker	Celniker	RNA-seq	RNA profiling			Drosophila melanogaster		y; cn bw sp	whole organism	pupae: pharate adult stage, pharate adult stage P15, pharate adult stage P15(i)	2/22/10	6/28/10	released		SRR023609, SRR023653, SRR023723, SRR023735, SRR023740, SRR023827, SRR035416
2884	100222 Dev Timecourse Embryo 0-2h RNA-Seq multimapped reads	Celniker	Celniker	RNA-seq	RNA profiling			Drosophila melanogaster		y; cn bw sp	whole organism	embryo: embryonic stage, pre-blastoderm stage, embryonic stage 1-2	2/22/10	6/30/10	released		SRR023199, SRR023659, SRR023663, SRR023671, SRR023747, SRR023755, SRR024013, SRR027110, SRR035417, SRR035418
2885	100222 Dev Timecourse Embryo 2-4h RNA-Seq multimapped reads	Celniker	Celniker	RNA-seq	RNA profiling			Drosophila melanogaster		y; cn bw sp	whole organism	embryo: early extended germ band stage, embryonic stage, embryonic stage 5-9	2/22/10	6/28/10	released		SRR023502, SRR023660, SRR023705, SRR023722, SRR023745, SRR027112
2886	100222 Dev Timecourse Embryo 4-6h RNA-Seq multimapped reads	Celniker	Celniker	RNA-seq	RNA profiling			Drosophila melanogaster		y; cn bw sp	whole organism	embryo: early extended germ band stage, extended germ band stage, late extended germ band stage, embryonic stage 9-11	2/22/10	6/28/10	released		SRR023539, SRR023669, SRR023696, SRR023746, SRR023836, SRR024014, SRR035220, SRR035405, SRR035406
2887	100222 Dev Timecourse Embryo 6-8h RNA-Seq multimapped reads	Celniker	Celniker	RNA-seq	RNA profiling			Drosophila melanogaster		y; cn bw sp	whole organism	embryo: extended germ band stage, late extended germ band stage, embryonic stage 11-12	2/22/10	6/28/10	released		SRR023504, SRR023654, SRR023668, SRR023688, SRR023691, SRR023732, SRR024009, SRR024217, SRR027113, SRR035407, SRR035408
2888	100222 Dev Timecourse Embryo 8-10h RNA-Seq multimapped reads	Celniker	Celniker	RNA-seq	RNA profiling			Drosophila melanogaster		y; cn bw sp	whole organism	embryo: late extended germ band stage, embryonic stage 12-13	2/22/10	6/28/10	released		SRR023549, SRR023596, SRR023603, SRR023657, SRR023701, SRR023749, SRR023750, SRR023754, SRR023759, SRR024219, SRR035409
2889	100222 Dev Timecourse Embryo 10-12h RNA-Seq multimapped reads	Celniker	Celniker	RNA-seq	RNA profiling			Drosophila melanogaster		y; cn bw sp	whole organism	embryo: embryonic stage 13-15	2/22/10	6/28/10	released		SRR023604, SRR023644, SRR023694, SRR023727, SRR023831, SRR024010, SRR024221, SRR035396, SRR035397
2890	100222 Dev Timecourse Embryo 12-14h RNA-Seq multimapped reads	Celniker	Celniker	RNA-seq	RNA profiling			Drosophila melanogaster		y; cn bw sp	whole organism	embryo: dorsal closure stage, embryonic stage, fertilized egg stage, late embryonic stage, unfertilized egg stage, embryonic stage 15-16	2/22/10	6/28/10	released		SRR023602, SRR023643, SRR023703, SRR023724, SRR023832, SRR024012, SRR035221, SRR035398, SRR035399
2891	100222 Dev Timecourse Embryo 14-16h RNA-Seq multimapped reads	Celniker	Celniker	RNA-seq	RNA profiling			Drosophila melanogaster		y; cn bw sp	whole organism	embryo: egg stage, embryonic stage, fertilized egg stage, late embryonic stage, unfertilized egg stage, embryonic stage 16	2/22/10	6/28/10	released		SRR023540, SRR023641, SRR023725, SRR023734, SRR023736, SRR023822, SRR024011, SRR035400, SRR035401
2892	100222 Dev Timecourse Embryo 16-18h RNA-Seq multimapped reads	Celniker	Celniker	RNA-seq	RNA profiling			Drosophila melanogaster		y; cn bw sp	whole organism	embryo: egg stage, embryonic stage, fertilized egg stage, late embryonic stage, unfertilized egg stage, embryonic stage 17	2/22/10	6/28/10	released		SRR023600, SRR023707, SRR023715, SRR023720, SRR023751, SRR023826, SRR035402
2893	100222 Dev Timecourse Embryo 18-20h RNA-Seq multimapped reads	Celniker	Celniker	RNA-seq	RNA profiling			Drosophila melanogaster		y; cn bw sp	whole organism	embryo: egg stage, embryonic stage, late embryonic stage, embryonic stage 17	2/22/10	6/28/10	released		SRR023503, SRR023599, SRR023673, SRR023682, SRR023686, SRR023699, SRR023700, SRR024215, SRR027114, SRR035222, SRR035403
2894	100222 Dev Timecourse Embryo 20-22h RNA-Seq multimapped reads	Celniker	Celniker	RNA-seq	RNA profiling			Drosophila melanogaster		y; cn bw sp	whole organism	embryo: embryonic stage, embryonic stage 17	2/22/10	6/28/10	released		SRR023506, SRR023665, SRR023684, SRR023718, SRR023728, SRR027109
2895	100222 Dev Timecourse Embryo 22-24h RNA-Seq multimapped reads	Celniker	Celniker	RNA-seq	RNA profiling			Drosophila melanogaster		y; cn bw sp	whole organism	embryo: embryonic stage, late embryonic stage, embryonic stage 17	2/22/10	6/30/10	released		SRR023538, SRR023685, SRR023711, SRR023733, SRR023834, SRR024015, SRR035404
2898	Dev Timecourse Embryo 0-2h RNA-Seq uniquely mapped reads	Celniker	Graveley	RNA-seq	RNA profiling			Drosophila melanogaster		y; cn bw sp	whole organism	embryo: embryonic stage, pre-blastoderm stage, embryonic stage 1-2	3/1/10	7/7/10	released		, SRR023199, SRR023659, SRR023663, SRR023671, SRR023747, SRR023755, SRR024013, SRR027110, SRR035417, SRR035418
2899	Dev Timecourse Embryo 2-4h RNA-Seq uniquely mapped reads	Celniker	Graveley	RNA-seq	RNA profiling			Drosophila melanogaster		y; cn bw sp	whole organism	embryo: early extended germ band stage, embryonic stage, embryonic stage 5-9	3/1/10	6/25/10	released		, SRR023502, SRR023660, SRR023705, SRR023722, SRR023745, SRR027112
2900	Dev Timecourse Embryo 4-6h RNA-Seq uniquely mapped reads	Celniker	Graveley	RNA-seq	RNA profiling			Drosophila melanogaster		y; cn bw sp	whole organism	embryo: early extended germ band stage, extended germ band stage, late extended germ band stage, embryonic stage 9-11	3/1/10	7/9/10	released		, SRR023539, SRR023669, SRR023696, SRR023746, SRR023836, SRR024014, SRR035220, SRR035405, SRR035406
2901	Dev Timecourse Embryo 6-8h RNA-Seq uniquely mapped reads	Celniker	Graveley	RNA-seq	RNA profiling			Drosophila melanogaster		y; cn bw sp	whole organism	embryo: extended germ band stage, late extended germ band stage, embryonic stage 11-12	3/1/10	6/25/10	released		, SRR023504, SRR023654, SRR023668, SRR023688, SRR023691, SRR023732, SRR024009, SRR024217, SRR027113, SRR035407, SRR035408
2902	Dev Timecourse Embryo 8-10h RNA-Seq uniquely mapped reads	Celniker	Graveley	RNA-seq	RNA profiling			Drosophila melanogaster		y; cn bw sp	whole organism	embryo: late extended germ band stage, embryonic stage 12-13	3/1/10	6/25/10	released		, SRR023549, SRR023596, SRR023603, SRR023657, SRR023701, SRR023749, SRR023750, SRR023754, SRR023759, SRR024219, SRR035409
2903	Dev Timecourse Embryo 10-12h RNA-Seq uniquely mapped reads	Celniker	Graveley	RNA-seq	RNA profiling			Drosophila melanogaster		y; cn bw sp	whole organism	embryo: embryonic stage 13-15	3/1/10	6/25/10	released		, SRR023604, SRR023644, SRR023694, SRR023727, SRR023831, SRR024010, SRR024221, SRR035396, SRR035397
2904	Dev Timecourse Embryo 12-14h RNA-Seq uniquely mapped reads	Celniker	Graveley	RNA-seq	RNA profiling			Drosophila melanogaster		y; cn bw sp	whole organism	embryo: dorsal closure stage, embryonic stage, fertilized egg stage, late embryonic stage, unfertilized egg stage, embryonic stage 15-16	3/1/10	7/7/10	released		, SRR023602, SRR023643, SRR023703, SRR023724, SRR023832, SRR024012, SRR035221, SRR035398, SRR035399
2905	Dev Timecourse Embryo 14-16h RNA-Seq uniquely mapped reads	Celniker	Graveley	RNA-seq	RNA profiling			Drosophila melanogaster		y; cn bw sp	whole organism	embryo: egg stage, embryonic stage, fertilized egg stage, late embryonic stage, unfertilized egg stage, embryonic stage 16	3/1/10	6/25/10	released		, SRR023540, SRR023641, SRR023725, SRR023734, SRR023736, SRR023822, SRR024011, SRR035400, SRR035401
2906	Dev Timecourse Embryo 16-18h RNA-Seq uniquely mapped reads	Celniker	Graveley	RNA-seq	RNA profiling			Drosophila melanogaster		y; cn bw sp	whole organism	embryo: egg stage, embryonic stage, fertilized egg stage, late embryonic stage, unfertilized egg stage, embryonic stage 17	3/1/10	6/25/10	released		, SRR023600, SRR023707, SRR023715, SRR023720, SRR023751, SRR023826, SRR035402
2907	Dev Timecourse Embryo 18-20h RNA-Seq uniquely mapped reads	Celniker	Graveley	RNA-seq	RNA profiling			Drosophila melanogaster		y; cn bw sp	whole organism	embryo: egg stage, embryonic stage, late embryonic stage, embryonic stage 17	3/1/10	6/25/10	released		, SRR023503, SRR023599, SRR023673, SRR023682, SRR023686, SRR023699, SRR023700, SRR024215, SRR027114, SRR035222, SRR035403
2908	Dev Timecourse Embryo 20-22h RNA-Seq uniquely mapped reads	Celniker	Graveley	RNA-seq	RNA profiling			Drosophila melanogaster		y; cn bw sp	whole organism	embryo: embryonic stage, embryonic stage 17	3/1/10	6/25/10	released		, SRR023506, SRR023665, SRR023684, SRR023718, SRR023728, SRR027109
2909	Dev Timecourse Embryo 22-24h RNA-Seq uniquely mapped reads	Celniker	Graveley	RNA-seq	RNA profiling			Drosophila melanogaster		y; cn bw sp	whole organism	embryo: embryonic stage, late embryonic stage, embryonic stage 17	3/1/10	6/25/10	released		, SRR023538, SRR023685, SRR023711, SRR023733, SRR023834, SRR024015, SRR035404
2910	Dev Timecourse Larvae L2 RNA-Seq uniquely mapped reads	Celniker	Graveley	RNA-seq	RNA profiling			Drosophila melanogaster		y; cn bw sp	whole organism	larva: larval stage, second instar larval stage	3/1/10	6/25/10	released		, SRR023542, SRR023670, SRR023719, SRR023761, SRR023824, SRR024016, SRR035223, SRR035411, SRR035412
2911	Dev Timecourse Larvae L3 + 12hr RNA-Seq uniquely mapped reads	Celniker	Graveley	RNA-seq	RNA profiling			Drosophila melanogaster		y; cn bw sp	whole organism	larva: larval stage, third instar larval stage	3/1/10	6/25/10	released		, SRR023507, SRR023649, SRR023677, SRR023731, SRR023760, SRR027111
2912	Dev Timecourse Larvae L3 PS7-9 RNA-Seq uniquely mapped reads	Celniker	Graveley	RNA-seq	RNA profiling			Drosophila melanogaster		y; cn bw sp	whole organism	larva: larval stage	3/1/10	6/25/10	released		, SRR023729, SRR023739, SRR023782, SRR023865, SRR026433, SRR035219, SRR035392
2913	Dev Timecourse Adult Female Eclosure+1d RNA-Seq uniquely mapped reads	Celniker	Graveley	RNA-seq	RNA profiling			Drosophila melanogaster		y; cn bw sp	whole organism	adult: adult stage	3/1/10	6/25/10	released		, SRR023595, SRR023662, SRR023680, SRR023702, SRR023737, SRR023828, SRR024220, SRR035393
2914	Dev Timecourse Adult Female Eclosure+30d RNA-Seq uniquely mapped reads	Celniker	Graveley	RNA-seq	RNA profiling			Drosophila melanogaster		y; cn bw sp	whole organism	adult: adult stage	3/1/10	6/25/10	released		, SRR023548, SRR023598, SRR023674, SRR023681, SRR023712, SRR023757, SRR029232, SRR029236
2915	Dev Timecourse Adult Female Eclosure+5d RNA-Seq uniquely mapped reads	Celniker	Graveley	RNA-seq	RNA profiling			Drosophila melanogaster		y; cn bw sp	whole organism	adult: adult stage	3/1/10	6/25/10	released		, SRR023547, SRR023607, SRR023645, SRR023651, SRR023717, SRR023730, SRR029230, SRR029234
2916	Dev Timecourse Adult Male Eclosure+1d RNA-Seq uniquely mapped reads	Celniker	Graveley	RNA-seq	RNA profiling			Drosophila melanogaster		y; cn bw sp	whole organism	adult: adult stage	3/1/10	6/25/10	released		, SRR023543, SRR023648, SRR023664, SRR023678, SRR023741, SRR023825, SRR035394
2917	Dev Timecourse Adult Male Eclosure+30d RNA-Seq uniquely mapped reads	Celniker	Graveley	RNA-seq	RNA profiling			Drosophila melanogaster		y; cn bw sp	whole organism	adult: adult stage	3/1/10	6/25/10	released		, SRR023601, SRR023650, SRR023698, SRR023714, SRR023752, SRR023823, SRR024218, SRR035395
2918	Dev Timecourse Adult Male Eclosure+5d RNA-Seq uniquely mapped reads	Celniker	Graveley	RNA-seq	RNA profiling			Drosophila melanogaster		y; cn bw sp	whole organism	adult: adult stage	3/1/10	6/25/10	released		, SRR023550, SRR023605, SRR023606, SRR023642, SRR023658, SRR023672, SRR023679, SRR023713, SRR029176, SRR029231, SRR029233, SRR029235
2919	Dev Timecourse Larvae L1 RNA-Seq uniquely mapped reads	Celniker	Graveley	RNA-seq	RNA profiling			Drosophila melanogaster		y; cn bw sp	whole organism	larva: first instar larval stage, larval stage	3/1/10	6/25/10	released		, SRR023597, SRR023646, SRR023661, SRR023666, SRR023706, SRR023835, SRR035410
2920	Dev Timecourse Larvae L3 PS1-2 RNA-Seq uniquely mapped reads	Celniker	Graveley	RNA-seq	RNA profiling			Drosophila melanogaster		y; cn bw sp	whole organism	larva: larval stage, third instar larval stage	3/1/10	6/25/10	released		, SRR023546, SRR023608, SRR023638, SRR023640, SRR023697, SRR023726, SRR023758, SRR035413
2921	Dev Timecourse Larvae L3 PS3-6 RNA-Seq uniquely mapped reads	Celniker	Graveley	RNA-seq	RNA profiling			Drosophila melanogaster		y; cn bw sp	whole organism	larva: larval stage	3/1/10	7/7/10	released		, SRR023505, SRR023676, SRR023683, SRR023690, SRR023692, SRR023742, SRR027108
2922	Dev Timecourse White Pre-pupae + 12hr RNA-Seq uniquely mapped reads	Celniker	Graveley	RNA-seq	RNA profiling			Drosophila melanogaster		y; cn bw sp	whole organism	larva: prepupal stage, prepupal stage P4, prepupal stage P4(i), prepupal stage P4(ii)	3/1/10	6/25/10	released		, SRR023544, SRR023639, SRR023647, SRR023689, SRR023716, SRR023833, SRR035414
2923	Dev Timecourse White Pre-pupae + 24hr RNA-Seq uniquely mapped reads	Celniker	Graveley	RNA-seq	RNA profiling			Drosophila melanogaster		y; cn bw sp	whole organism	pupae: pupal stage, pupal stage P6	3/1/10	6/25/10	released		, SRR023541, SRR023656, SRR023708, SRR023756, SRR023830, SRR035415
2924	Dev Timecourse White Pre-pupae + 2days RNA-Seq uniquely mapped reads	Celniker	Graveley	RNA-seq	RNA profiling			Drosophila melanogaster		y; cn bw sp	whole organism	pupae: pharate adult stage, pharate adult stage P8	3/1/10	6/25/10	released		, SRR023667, SRR023721, SRR023743, SRR023785, SRR023829, SRR026431
2925	Dev Timecourse White Pre-pupae + 3days RNA-Seq uniquely mapped reads	Celniker	Graveley	RNA-seq	RNA profiling			Drosophila melanogaster		y; cn bw sp	whole organism	pupae: pharate adult stage, pharate adult stage P9	3/1/10	6/25/10	released		, SRR023738, SRR023744, SRR023748, SRR023783, SRR024216, SRR026430, SRR035218, SRR035391
2926	Dev Timecourse White Pre-pupae + 4days RNA-Seq uniquely mapped reads	Celniker	Graveley	RNA-seq	RNA profiling			Drosophila melanogaster		y; cn bw sp	whole organism	pupae: pharate adult stage, pharate adult stage P15, pharate adult stage P15(i)	3/1/10	6/25/10	released		, SRR023609, SRR023653, SRR023723, SRR023735, SRR023740, SRR023827, SRR035416
2927	Dev Timecourse White Pre-pupae RNA-Seq uniquely mapped reads	Celniker	Graveley	RNA-seq	RNA profiling			Drosophila melanogaster		y; cn bw sp	whole organism	larva: prepupal stage, prepupal stage P1	3/1/10	6/25/10	released		, SRR023687, SRR023695, SRR023704, SRR023784, SRR023837, SRR026432, SRR035217
2971	Lai_CantonS_Embryo_Non-irradiated	Lai	Lai	RNA-seq	RNA profiling			Drosophila melanogaster		w[1118]	whole organism	embryo: embryonic stage	6/29/10	11/4/10	released		GSE24540, GSE24540, GSM609239
2972	Lai_CantonS_Embryo_Irradiated	Lai	Lai	RNA-seq	RNA profiling			Drosophila melanogaster		w[1118]	whole organism	embryo: embryonic stage	6/29/10	11/4/10	released		GSE24541, GSE24541, GSM609240
2973	Lai_S2_Rubin_Ecdysone	Lai	Lai	RNA-seq	RNA profiling			Drosophila melanogaster	S2-DRSC				6/29/10	11/4/10	released		GSE24542, GSE24542, GSM609241, GSM609242
2975	Lai_Dcr-2_L811fsX_ovary	Lai	Hannon	RNA-seq	RNA profiling			Drosophila melanogaster		Dcr-2[L811fsX]	ovary	adult: adult stage	6/29/10	11/4/10	released		GSE24544, GSE24544, GSM609245
2980	D. pseudoobscura female heads mRNA-seq revised	Oliver	Oliver	RNA-seq	RNA profiling			Drosophila pseudoobscura pseudoobscura,		D. pseudoobscura 14011-0121.94	adult head	adult: adult stage	7/7/10	9/3/10	released		GSM499403
3083	D. melanogaster female heads mRNA-seq	Oliver	Oliver	RNA-seq	RNA profiling			, Drosophila melanogaster		Oregon-R-modENCODE	adult head	adult: adult stage	7/26/10	9/2/10	released		GSM515636
3084	D. melanogaster male heads mRNA-seq	Oliver	Oliver	RNA-seq	RNA profiling			, Drosophila melanogaster		Oregon-R-modENCODE	adult head	adult: adult stage	7/26/10	9/2/10	released		GSM515637
3085	D. pseudoobscura male heads mRNA-seq revised	Oliver	Oliver	RNA-seq	RNA profiling			Drosophila pseudoobscura pseudoobscura,		D. pseudoobscura 14011-0121.94	adult head	adult: adult stage	7/26/10	9/3/10	released		GSM499404
3086	D. mojavensis male heads mRNA-seq	Oliver	Oliver	RNA-seq	RNA profiling			Drosophila mojavensis,		D. mojavensis wrigleyi 15081-1352.22	adult head	adult: adult stage	7/26/10	9/2/10	released		GSM522268
3087	D. mojavensis female heads mRNA-seq	Oliver	Oliver	RNA-seq	RNA profiling			Drosophila mojavensis,		D. mojavensis wrigleyi 15081-1352.22	adult head	adult: adult stage	7/26/10	9/2/10	released		GSM522266
3190	Lai_Female_Head_HeatShocked_V007	Lai	Lai	RNA-seq	RNA profiling			Drosophila melanogaster		Canton-S	adult head	adult: adult stage	9/10/10	11/4/10	released		GSE24604, GSM609247, GSM609247
3192	Lai_MLDmD9_V029	Lai	Lai	RNA-seq	RNA profiling			Drosophila melanogaster	ML-DmD9				9/10/10	11/4/10	released		GSE24605, GSM609248, GSM609248
3193	Lai_MLDmD21_V027	Lai	Lai	RNA-seq	RNA profiling			Drosophila melanogaster	ML-DmD21				9/10/10	11/4/10	released		GSE24606, GSM609249, GSM609249
3194	Lai_MLDmD32_V035	Lai	Lai	RNA-seq	RNA profiling			Drosophila melanogaster	ML-DmD32				9/10/10	11/4/10	released		GSE24607, GSM609250, GSM609250
3195	Lai_Female_Head_Aged_V013	Lai	Lai	RNA-seq	RNA profiling			Drosophila melanogaster		Canton-S	adult head	adult: adult stage	9/10/10	11/4/10	released		GSE24608, GSM609251, GSM609251
983	RNAi Untreated (control) S2-DRSC RNA-Seq Bowtie	Celniker	Graveley	RNA-seq, RNAi	RNA profiling			Drosophila melanogaster	S2-DRSC				9/4/09	9/28/09	released		GSM461176
1011	RNAi CG10128 S2-DRSC RNA-Seq Bowtie	Celniker	Graveley	RNA-seq, RNAi	RNA profiling		RNAiTarget=tra2	Drosophila melanogaster	S2-DRSC				9/14/09	9/28/09	released		GSM461201
1012	RNAi CG10203 S2-DRSC RNA-Seq Bowtie	Celniker	Graveley	RNA-seq, RNAi	RNA profiling		RNAiTarget=xl6	Drosophila melanogaster	S2-DRSC				9/14/09	9/28/09	released		GSM461195
1013	RNAi CG10851 S2-DRSC RNA-Seq Bowtie	Celniker	Graveley	RNA-seq, RNAi	RNA profiling		RNAiTarget=B52	Drosophila melanogaster	S2-DRSC				9/14/09	9/28/09	released		GSM461198
1014	RNAi CG12749 S2-DRSC RNA-Seq Bowtie	Celniker	Graveley	RNA-seq, RNAi	RNA profiling		RNAiTarget=Hrb87F	Drosophila melanogaster	S2-DRSC				9/14/09	9/28/09	released		GSM461187
1015	RNAi CG13425 S2-DRSC RNA-Seq Bowtie	Celniker	Graveley	RNA-seq, RNAi	RNA profiling		RNAiTarget=bl	Drosophila melanogaster	S2-DRSC				9/14/09	9/28/09	released		GSM461190
1016	RNAi CG1559 S2-DRSC RNA-Seq Bowtie	Celniker	Graveley	RNA-seq, RNAi	RNA profiling		RNAiTarget=Upf1	Drosophila melanogaster	S2-DRSC				9/14/09	9/28/09	released		GSM461204
1017	RNAi CG16901 S2-DRSC RNA-Seq Bowtie	Celniker	Graveley	RNA-seq, RNAi	RNA profiling		RNAiTarget=sqd	Drosophila melanogaster	S2-DRSC				9/14/09	9/28/09	released		GSM461189
1018	RNAi CG17136 S2-DRSC RNA-Seq Bowtie	Celniker	Graveley	RNA-seq, RNAi	RNA profiling		RNAiTarget=Rbp1	Drosophila melanogaster	S2-DRSC				9/14/09	9/28/09	released		GSM461196
1019	RNAi CG17838 S2-DRSC RNA-Seq Bowtie	Celniker	Graveley	RNA-seq, RNAi	RNA profiling		RNAiTarget=CG17838	Drosophila melanogaster	S2-DRSC				9/14/09	9/28/09	released		GSM461188
1020	RNAi CG18426 S2-DRSC RNA-Seq Bowtie	Celniker	Graveley	RNA-seq, RNAi	RNA profiling		RNAiTarget=ytr	Drosophila melanogaster	S2-DRSC				9/14/09	9/28/09	released		GSM461199
1021	RNAi CG1987 S2-DRSC RNA-Seq Bowtie	Celniker	Graveley	RNA-seq, RNAi	RNA profiling		RNAiTarget=Rbp1-like	Drosophila melanogaster	S2-DRSC				9/14/09	9/28/09	released		GSM461194
1022	RNAi CG30122 S2-DRSC RNA-Seq Bowtie	Celniker	Graveley	RNA-seq, RNAi	RNA profiling		RNAiTarget=CG30122	Drosophila melanogaster	S2-DRSC				9/14/09	9/28/09	released		GSM461191
1023	RNAi CG31000 S2-DRSC RNA-Seq Bowtie	Celniker	Graveley	RNA-seq, RNAi	RNA profiling		RNAiTarget=heph	Drosophila melanogaster	S2-DRSC				9/14/09	9/14/09	released		GSM461202
1024	RNAi CG3249 S2-DRSC RNA-Seq Bowtie	Celniker	Graveley	RNA-seq, RNAi	RNA profiling		RNAiTarget=yu	Drosophila melanogaster	S2-DRSC				9/14/09	9/28/09	released		GSM461207
1025	RNAi CG4602 S2-DRSC RNA-Seq Bowtie	Celniker	Graveley	RNA-seq, RNAi	RNA profiling		RNAiTarget=Srp54	Drosophila melanogaster	S2-DRSC				9/14/09	9/28/09	released		GSM461192
1026	RNAi CG5099 S2-DRSC RNA-Seq Bowtie	Celniker	Graveley	RNA-seq, RNAi	RNA profiling		RNAiTarget=msi	Drosophila melanogaster	S2-DRSC				9/14/09	9/28/09	released		GSM461185
1027	RNAi CG5442 S2-DRSC RNA-Seq Bowtie	Celniker	Graveley	RNA-seq, RNAi	RNA profiling		RNAiTarget=SC35	Drosophila melanogaster	S2-DRSC				9/14/09	9/28/09	released		GSM461197
1028	RNAi CG5655 S2-DRSC RNA-Seq Bowtie	Celniker	Graveley	RNA-seq, RNAi	RNA profiling		RNAiTarget=Rsf1	Drosophila melanogaster	S2-DRSC				9/14/09	9/28/09	released		GSM461193
1029	RNAi CG5821 S2-DRSC RNA-Seq Bowtie	Celniker	Graveley	RNA-seq, RNAi	RNA profiling		RNAiTarget=qkr58E-2	Drosophila melanogaster	S2-DRSC				9/14/09	9/28/09	released		GSM461205
1030	RNAi CG5836 S2-DRSC RNA-Seq Bowtie	Celniker	Graveley	RNA-seq, RNAi	RNA profiling		RNAiTarget=SF1	Drosophila melanogaster	S2-DRSC				9/14/09	9/28/09	released		GSM461206
1031	RNAi CG6946 S2-DRSC RNA-Seq Bowtie	Celniker	Graveley	RNA-seq, RNAi	RNA profiling		RNAiTarget=glo	Drosophila melanogaster	S2-DRSC				9/14/09	9/14/09	released		GSM461183
1032	RNAi CG7437 S2-DRSC RNA-Seq Bowtie	Celniker	Graveley	RNA-seq, RNAi	RNA profiling		RNAiTarget=mub	Drosophila melanogaster	S2-DRSC				9/14/09	9/28/09	released		GSM461203
1033	RNAi CG7878 S2-DRSC RNA-Seq Bowtie	Celniker	Graveley	RNA-seq, RNAi	RNA profiling		RNAiTarget=CG7878	Drosophila melanogaster	S2-DRSC				9/14/09	9/28/09	released		GSM461209
1034	RNAi CG7971 S2-DRSC RNA-Seq Bowtie	Celniker	Graveley	RNA-seq, RNAi	RNA profiling		RNAiTarget=CG7971	Drosophila melanogaster	S2-DRSC				9/14/09	9/28/09	released		GSM461200
2301	RNAi CG9983 S2-DRSC RNA-Seq Bowtie	Celniker	Graveley	RNA-seq, RNAi	RNA profiling		RNAiTarget=Hrb98DE	Drosophila melanogaster	S2-DRSC				9/21/09	10/8/09	released		GSM461186
2302	RNAi CG9373 S2-DRSC RNA-Seq Bowtie	Celniker	Graveley	RNA-seq, RNAi	RNA profiling		RNAiTarget=rump	Drosophila melanogaster	S2-DRSC				9/21/09	10/8/09	released		GSM461184
2305	RNAi Untreated-B (control) S2-DRSC RNA-Seq Bowtie	Celniker	Graveley	RNA-seq, RNAi	RNA profiling			Drosophila melanogaster	S2-DRSC				9/21/09	10/9/09	released		GSM461182
2484	3' UTRome Solexa sequencing & alignment	Piano	Piano	Alignment	RNA profiling			Caenorhabditis elegans		N2	whole organism	mixed: L1 larva, L2 larva, L3 larva, L4 larva, adult, embryo, larva	10/6/09	11/19/09	released		GSM469439
