2321	C. elegans early embryo N2 RNA-Seq sequences and alignments	SRX004863	SRX004863	Cele_WS190	mRNA		ShortReadArchive_record	total-RNA	Strain_N2;Developmental-Stage_early embryo;temperature_25 degree celsius		0			Cele_WS190	modENCODE_2321
2321	C. elegans early embryo N2 RNA-Seq sequences and alignments	SRX004864	SRX004864	Cele_WS190	mRNA		ShortReadArchive_record	total-RNA	Strain_N2;Developmental-Stage_early embryo;temperature_25 degree celsius		0			Cele_WS190	modENCODE_2321
2324	C. elegans late embryo N2 RNA-Seq sequences and alignments	SRX004865	SRX004865	Cele_WS190	mRNA		ShortReadArchive_record	total-RNA	Strain_N2;Developmental-Stage_late embryo 20dC 4.5 hrs post-early embryo;temperature_20 degree celsius		0			Cele_WS190	modENCODE_2324
2324	C. elegans late embryo N2 RNA-Seq sequences and alignments	SRX004866	SRX004866	Cele_WS190	mRNA		ShortReadArchive_record	total-RNA	Strain_N2;Developmental-Stage_late embryo 20dC 4.5 hrs post-early embryo;temperature_20 degree celsius		0			Cele_WS190	modENCODE_2324
2325	C. elegans male mid-L4 dpy-28(y1);him-8(e1489) RNA-Seq sequences and alignments	SRX004868	SRX004868	Cele_WS190	mRNA		ShortReadArchive_record	total-RNA	Strain_dpy28(y1);him-8(e1489);Developmental-Stage_Male larva mid-L4 25dC 30 hrs post-L1;temperature_25 degree celsius		0			Cele_WS190	modENCODE_2325
2326	C. elegans mid-L1 N2 RNA-Seq sequences and alignments	SRX004867	SRX004867	Cele_WS190	mRNA		ShortReadArchive_record	total-RNA	Strain_N2;Developmental-Stage_larva mid-L1 25dC 4.0 hrs post-L1;temperature_20 degree celsius		0			Cele_WS190	modENCODE_2326
2343	C. elegans mid-L1 lin-35(n745) 25dC 4hrs post-L1 RNA-Seq sequences and alignments	SRX004869	SRX004869	Cele_WS190	mRNA		ShortReadArchive_record	total-RNA	Strain_MT10430;Developmental-Stage_Lin-35(n745) larva mid-L1 25dC 4.0 hrs post-L1;temperature_25 degree celsius		0			Cele_WS190	modENCODE_2343
2345	C. elegans Adult spe-9 RNA-Seq sequences and alignments	SRX008136	SRX008136	Cele_WS190	mRNA		ShortReadArchive_record	total-RNA	Strain_spe-9(hc88);Developmental-Stage_Adult spe-9(hc88) 23dC 8 days post-L4 molt;temperature_23 degree celsius		0			Cele_WS190	modENCODE_2345
2346	C. elegans Embryo him-8 RNA-Seq sequences and alignments	SRX011569	SRX011569	Cele_WS190	mRNA		ShortReadArchive_record	total-RNA	Strain_him-8(e1489);Developmental-Stage_embryo him-8(e1480) 20dC;temperature_20 degree celsius		0			Cele_WS190	modENCODE_2346
2347	C. elegans dauer daf-2 25dC 91hrs post-L1 RNA-Seq sequences and alignments	SRX008138	SRX008138	Cele_WS190	mRNA		ShortReadArchive_record	total-RNA	Strain_daf-2(e1370);Developmental-Stage_dauer daf-2(el370) 25dC 91hrs post-L1;temperature_25 degree celsius		0			Cele_WS190	modENCODE_2347
2349	C. elegans dauer exit daf-2 25dC 91hrs15dC 12hrs post-L1 RNA-Seq sequences and alignments	SRX008140	SRX008140	Cele_WS190	mRNA		ShortReadArchive_record	total-RNA	Strain_daf-2(e1370);Developmental-Stage_dauer exit daf-2(el370) 25dC 91hrs 15dC 12hrs post-L1;temperature_25 degree celsius		0			Cele_WS190	modENCODE_2349
2351	C. elegans mid-L2 N2 RNA-Seq sequences and alignments	SRX001872	SRX001872	Cele_WS190	mRNA		ShortReadArchive_record	total-RNA	Strain_N2;Developmental-Stage_larva mid-L2 25dC 17.75 hrs post-L1;temperature_25 degree celsius		0			Cele_WS190	modENCODE_2351
2352	C. elegans mid-L3 N2 RNA-Seq sequences and alignments	SRX001875	SRX001875	Cele_WS190	mRNA		ShortReadArchive_record	total-RNA	Strain_N2;Developmental-Stage_larva mid-L3 25dC 26.75 hrs post-L1;temperature_25 degree celsius		0			Cele_WS190	modENCODE_2352
2353	C. elegans mid-L4 N2 RNA-Seq sequences and alignments	SRX001874	SRX001874	Cele_WS190	mRNA		ShortReadArchive_record	total-RNA	Strain_N2;Developmental-Stage_larva mid-L4 25dC 34.25 hrs post-L1;temperature_25 degree celsius		0			Cele_WS190	modENCODE_2353
2354	C. elegans Young Adult N2 RNA-Seq sequences and alignments	SRX001873	SRX001873	Cele_WS190	mRNA		ShortReadArchive_record	total-RNA	Strain_N2;Developmental-Stage_Young Adult (pre-gravid) 25dC 46 hrs post-L1;temperature_25 degree celsius		0			Cele_WS190	modENCODE_2354
2387	C. elegans dauer entry daf-2 25dC 48hrs post-L1 RNA-Seq sequences and alignments	SRX008139	SRX008139	Cele_WS190	mRNA		ShortReadArchive_record	total-RNA	Strain_daf-2(e1370);Developmental-Stage_dauer entry daf-2(el370) 25dC 48 hrs post-L1;temperature_25 degree celsius		0			Cele_WS190	modENCODE_2387
2549	CAGE sequencing of mixed embryo 5' ends	SRX015329	SRX015329	Dmel_r5.4	mRNA	CAGE	ShortReadArchive_record	5-prime-UTR	Strain_Y cn bw sp;Developmental-Stage_Mixed Embryos 0-24h	CAGE	0			Dmel_r5.4	modENCODE_2549
2580	pathogen Harposporium 25dC 24hr exposure post-adulthood N2 sequences & alignments	SRX014006	SRX014006	Cele_WS190	mRNA		ShortReadArchive_record	total-RNA	Strain_N2;Developmental-Stage_Young Adult (pre-gravid) 25dC 46 hrs post-L1;GrowthCondition_Harposporium;temperature_25 degree celsius		0			Cele_WS190	modENCODE_2580
2581	pathogen Harposporium control OP50 25dC 24hr exposure post-adulthood N2 sequences & alignments	SRX014007	SRX014007	Cele_WS190	mRNA		ShortReadArchive_record	total-RNA	Strain_N2;Developmental-Stage_Young Adult (pre-gravid) 25dC 46 hrs post-L1;GrowthCondition_E. coli (OP50);temperature_25 degree celsius		0			Cele_WS190	modENCODE_2581
2582	RNA-seq - pathogen Smacescens 25dC 24hr exposure post-adulthood N2 sequences & alignment	SRX014008	SRX014008	Cele_WS190	mRNA		ShortReadArchive_record	total-RNA	Strain_N2;Developmental-Stage_Young Adult (pre-gravid) 25dC 46 hrs post-L1;GrowthCondition_S. marcescens (Db11);temperature_25 degree celsius		0			Cele_WS190	modENCODE_2582
2583	RNAseq - soma-only mid-L4 25dC 36hrs post-L1 JK1107 sequences & alignments	SRX014010	SRX014010	Cele_WS190	mRNA		ShortReadArchive_record	total-RNA	Strain_JK1107;Developmental-Stage_larva mid-L4 25dC 34.25 hrs post-L1;temperature_25 degree celsius		0			Cele_WS190	modENCODE_2583
2584	RNA-Seq - pathogen Smacescens control OP50 25dC 24hr exposure post-adulthood N2 sequences & alignments	SRX014009	SRX014009	Cele_WS190	mRNA		ShortReadArchive_record	total-RNA	Strain_N2;Developmental-Stage_Young Adult (pre-gravid) 25dC 46 hrs post-L1;GrowthCondition_E. coli (OP50);temperature_25 degree celsius		0			Cele_WS190	modENCODE_2584
2586	Dm_S2-DRSC_polyA_014-016_paired_RNA-Seq multimappers	SRX003840	SRX003840	Dmel_r5.4	mRNA	RNA-seq	ShortReadArchive_record	total-RNA	Cell-Line_S2-DRSC;Tissue_embryo-derived cell-line;Developmental-Stage_late embryonic stage	RNA-seq	0			Dmel_r5.4	modENCODE_2586
2586	Dm_S2-DRSC_polyA_014-016_paired_RNA-Seq multimappers	SRX003841	SRX003841	Dmel_r5.4	mRNA	RNA-seq	ShortReadArchive_record	total-RNA	Cell-Line_S2-DRSC;Tissue_embryo-derived cell-line;Developmental-Stage_late embryonic stage	RNA-seq	1			Dmel_r5.4	modENCODE_2586
2587	pathogen Harposporium 25dC 24hr exposure post-adulthood N2 genelets	SRX014006	SRX014006	Cele_WS190	mRNA	RNA-seq	ShortReadArchive_record	total-RNA	Strain_N2;Developmental-Stage_Young Adult (pre-gravid) 25dC 46 hrs post-L1;GrowthCondition_Harposporium;temperature_25 degree celsius	RNA-seq	0			Cele_WS190	modENCODE_2587
2588	pathogen Harposporium control OP50 25dC 24hr exposure post-adulthood N2 genelets	SRX014007	SRX014007	Cele_WS190	mRNA	RNA-seq	ShortReadArchive_record	total-RNA	Strain_N2;Developmental-Stage_Young Adult (pre-gravid) 25dC 46 hrs post-L1;GrowthCondition_E. coli (OP50);temperature_25 degree celsius	RNA-seq	0			Cele_WS190	modENCODE_2588
2589	RNA-seq - pathogen Smacescens 25dC 24hr exposure post-adulthood N2 genelets	SRX014008	SRX014008	Cele_WS190	mRNA	RNA-seq	ShortReadArchive_record	total-RNA	Strain_N2;Developmental-Stage_Young Adult (pre-gravid) 25dC 46 hrs post-L1;GrowthCondition_S. marcescens (Db11);temperature_25 degree celsius	RNA-seq	0			Cele_WS190	modENCODE_2589
2590	RNAseq - soma-only mid-L4 25dC 36hrs post-L1 JK1107 genelets	SRX014010	SRX014010	Cele_WS190	mRNA	RNA-seq	ShortReadArchive_record	total-RNA	Strain_JK1107;Developmental-Stage_larva mid-L4 25dC 34.25 hrs post-L1;temperature_25 degree celsius	RNA-seq	0			Cele_WS190	modENCODE_2590
2591	RNA-Seq - pathogen Smacescens control OP50 25dC 24hr exposure post-adulthood N2 genelets	SRX014009	SRX014009	Cele_WS190	mRNA	RNA-seq	ShortReadArchive_record	total-RNA	Strain_N2;Developmental-Stage_Young Adult (pre-gravid) 25dC 46 hrs post-L1;GrowthCondition_E. coli (OP50);temperature_25 degree celsius	RNA-seq	0			Cele_WS190	modENCODE_2591
2592	Dm_CME_W1_Cl.8+_polyA_060-062_paired_RNA-Seq_multimappers	SRX003834	SRX003834	Dmel_r5.4	mRNA	RNA-seq	ShortReadArchive_record	total-RNA	Cell-Line_CME-W1-Cl.8+;Tissue_dorsal mesothoracic disc;Developmental-Stage_third instar larval stage	RNA-seq	0			Dmel_r5.4	modENCODE_2592
2592	Dm_CME_W1_Cl.8+_polyA_060-062_paired_RNA-Seq_multimappers	SRX003835	SRX003835	Dmel_r5.4	mRNA	RNA-seq	ShortReadArchive_record	total-RNA	Cell-Line_CME-W1-Cl.8+;Tissue_dorsal mesothoracic disc;Developmental-Stage_third instar larval stage	RNA-seq	1			Dmel_r5.4	modENCODE_2592
2593	Dm_Kc167_polyA_002-004_paired_RNA-Seq multimappers	SRX003836	SRX003836	Dmel_r5.4	mRNA	RNA-seq	ShortReadArchive_record	total-RNA	Cell-Line_Kc167;Tissue_embryo-derived cell-line;Developmental-Stage_late embryonic stage	RNA-seq	0			Dmel_r5.4	modENCODE_2593
2593	Dm_Kc167_polyA_002-004_paired_RNA-Seq multimappers	SRX003837	SRX003837	Dmel_r5.4	mRNA	RNA-seq	ShortReadArchive_record	total-RNA	Cell-Line_Kc167;Tissue_embryo-derived cell-line;Developmental-Stage_late embryonic stage	RNA-seq	1			Dmel_r5.4	modENCODE_2593
2594	Dm_ML-DmBG3-c2_polyA_122-124_paired_RNA-Seq multimappers	SRX003838	SRX003838	Dmel_r5.4	mRNA	RNA-seq	ShortReadArchive_record	total-RNA	Cell-Line_ML-DmBG3-c2;Tissue_CNS-derived cell-line;Developmental-Stage_third instar larval stage	RNA-seq	0			Dmel_r5.4	modENCODE_2594
2594	Dm_ML-DmBG3-c2_polyA_122-124_paired_RNA-Seq multimappers	SRX003839	SRX003839	Dmel_r5.4	mRNA	RNA-seq	ShortReadArchive_record	total-RNA	Cell-Line_ML-DmBG3-c2;Tissue_CNS-derived cell-line;Developmental-Stage_third instar larval stage	RNA-seq	1			Dmel_r5.4	modENCODE_2594
2676	Dm embryos, 0-2 hr after egg laying SOLiD RNA-Seq	SRX015641	SRX015641	Dmel_r5.4	mRNA	RNA-seq	ShortReadArchive_record	total-RNA	Strain_Y cn bw sp;Developmental-Stage_Embryo 0-2h	RNA-seq	0			Dmel_r5.4	modENCODE_2676
2677	Dm embryos, 2-4 hr after egg laying SOLiD RNA-Seq	SRX015642	SRX015642	Dmel_r5.4	mRNA	RNA-seq	ShortReadArchive_record	total-RNA	Strain_Y cn bw sp;Developmental-Stage_Embryo 2-4h	RNA-seq	0			Dmel_r5.4	modENCODE_2677
2678	D.melanogaster 4-6hr embryo, SOLiD total RNA-seq	SRX015643	SRX015643	Dmel_r5.4	mRNA	RNA-seq	ShortReadArchive_record	total-RNA	Strain_Y cn bw sp;Developmental-Stage_Embryo 4-6h	RNA-seq	0			Dmel_r5.4	modENCODE_2678
2679	D.melanogaster 6-8hr embryo, SOLiD total RNA-seq	SRX015644	SRX015644	Dmel_r5.4	mRNA	RNA-seq	ShortReadArchive_record	total-RNA	Strain_Y cn bw sp;Developmental-Stage_Embryo 6-8h	RNA-seq	0			Dmel_r5.4	modENCODE_2679
2680	D.melanogaster 8-10hr embryo, SOLiD total RNA-seq	SRX015645	SRX015645	Dmel_r5.4	mRNA	RNA-seq	ShortReadArchive_record	total-RNA	Strain_Y cn bw sp;Developmental-Stage_Embryo 8-10h	RNA-seq	0			Dmel_r5.4	modENCODE_2680
2681	D.melanogaster 10-12hr embryo, SOLiD total RNA-seq	SRX015646	SRX015646	Dmel_r5.4	mRNA	RNA-seq	ShortReadArchive_record	total-RNA	Strain_Y cn bw sp;Developmental-Stage_Embryo 10-12h	RNA-seq	0			Dmel_r5.4	modENCODE_2681
2682	D.melanogaster 12-14hr embryo, SOLiD total RNA-seq	SRX015647	SRX015647	Dmel_r5.4	mRNA	RNA-seq	ShortReadArchive_record	total-RNA	Strain_Y cn bw sp;Developmental-Stage_Embryo 12-14h	RNA-seq	0			Dmel_r5.4	modENCODE_2682
2683	D.melanogaster 14-16hr embryo, SOLiD total RNA-seq	SRX015648	SRX015648	Dmel_r5.4	mRNA	RNA-seq	ShortReadArchive_record	total-RNA	Strain_Y cn bw sp;Developmental-Stage_Embryo 14-16h	RNA-seq	0			Dmel_r5.4	modENCODE_2683
2684	D.melanogaster 16-18hr embryo, SOLiD total RNA-seq	SRX015649	SRX015649	Dmel_r5.4	mRNA	RNA-seq	ShortReadArchive_record	total-RNA	Strain_Y cn bw sp;Developmental-Stage_Embryo 16-18h	RNA-seq	0			Dmel_r5.4	modENCODE_2684
2685	D.melanogaster 18-20hr embryo, SOLiD total RNA-seq	SRX015650	SRX015650	Dmel_r5.4	mRNA	RNA-seq	ShortReadArchive_record	total-RNA	Strain_Y cn bw sp;Developmental-Stage_Embryo 18-20h	RNA-seq	0			Dmel_r5.4	modENCODE_2685
2686	D.melanogaster 20-22hr embryo, SOLiD total RNA-seq	SRX015651	SRX015651	Dmel_r5.4	mRNA	RNA-seq	ShortReadArchive_record	total-RNA	Strain_Y cn bw sp;Developmental-Stage_Embryo 20-22h	RNA-seq	0			Dmel_r5.4	modENCODE_2686
2687	D.melanogaster 22-24hr embryo, SOLiD total RNA-seq	SRX015652	SRX015652	Dmel_r5.4	mRNA	RNA-seq	ShortReadArchive_record	total-RNA	Strain_Y cn bw sp;Developmental-Stage_Embryo 22-24hSC	RNA-seq	0			Dmel_r5.4	modENCODE_2687
2835	C. elegans Adult spe-9 23dC 8days post-L4 molt RNA-Seq genelets	SRX008136	SRX008136	Cele_WS190	mRNA	RNA-seq	ShortReadArchive_record	total-RNA	Strain_spe-9(hc88);Developmental-Stage_Adult spe-9(hc88) 23dC 8 days post-L4 molt;temperature_23 degree celsius	RNA-seq	0			Cele_WS190	modENCODE_2835
2836	C. elegans young adult N2 RNA-Seq genelets	SRX001873	SRX001873	Cele_WS190	mRNA	RNA-seq	ShortReadArchive_record	total-RNA	Strain_N2;Developmental-Stage_Young Adult (pre-gravid) 25dC 46 hrs post-L1;temperature_25 degree celsius	RNA-seq	0			Cele_WS190	modENCODE_2836
2837	C. elegans dauer daf-2 RNA-Seq genelets	SRX008138	SRX008138	Cele_WS190	mRNA	RNA-seq	ShortReadArchive_record	total-RNA	Strain_daf-2(e1370);Developmental-Stage_dauer daf-2(el370) 25dC 91hrs post-L1;temperature_25 degree celsius	RNA-seq	0			Cele_WS190	modENCODE_2837
2838	C. elegans dauer entry daf-2 RNA-Seq genelets	SRX008139	SRX008139	Cele_WS190	mRNA	RNA-seq	ShortReadArchive_record	total-RNA	Strain_daf-2(e1370);Developmental-Stage_dauer entry daf-2(el370) 25dC 48 hrs post-L1;temperature_25 degree celsius	RNA-seq	0			Cele_WS190	modENCODE_2838
2839	C. elegans dauer exit daf-2 RNA-Seq genelets	SRX008140	SRX008140	Cele_WS190	mRNA	RNA-seq	ShortReadArchive_record	total-RNA	Strain_daf-2(e1370);Developmental-Stage_dauer exit daf-2(el370) 25dC 91hrs 15dC 12hrs post-L1;temperature_25 degree celsius	RNA-seq	0			Cele_WS190	modENCODE_2839
2840	C. elegans early embryo N2 RNA-Seq genelets	SRX004863	SRX004863	Cele_WS190	mRNA	RNA-seq	ShortReadArchive_record	total-RNA	Strain_N2;Developmental-Stage_early embryo;temperature_25 degree celsius	RNA-seq	0			Cele_WS190	modENCODE_2840
2841	C. elegans embryo him-8 RNA-Seq genelets	SRX011569	SRX011569	Cele_WS190	mRNA	RNA-seq	ShortReadArchive_record	total-RNA	Strain_him-8(e1489);Developmental-Stage_embryo him-8(e1480) 20dC;temperature_20 degree celsius	RNA-seq	0			Cele_WS190	modENCODE_2841
2842	C. elegans late embryo N2 RNA-Seq genelets	SRX004865	SRX004865	Cele_WS190	mRNA	RNA-seq	ShortReadArchive_record	total-RNA	Strain_N2;Developmental-Stage_late embryo 20dC 4.5 hrs post-early embryo;temperature_20 degree celsius	RNA-seq	0			Cele_WS190	modENCODE_2842
2843	C. elegans mid-L1 lin-35 RNA-Seq genelets	SRX004869	SRX004869	Cele_WS190	mRNA	RNA-seq	ShortReadArchive_record	total-RNA	Strain_MT10430;Developmental-Stage_Lin-35(n745) larva mid-L1 25dC 4.0 hrs post-L1;temperature_25 degree celsius	RNA-seq	0			Cele_WS190	modENCODE_2843
2844	C. elegans mid-L4 male dpy-28;him-8 RNA-Seq genelets	SRX004868	SRX004868	Cele_WS190	mRNA	RNA-seq	ShortReadArchive_record	total-RNA	Strain_dpy28(y1);him-8(e1489);Developmental-Stage_Male larva mid-L4 25dC 30 hrs post-L1;temperature_25 degree celsius	RNA-seq	0			Cele_WS190	modENCODE_2844
2845	C. elegans mid-L1 N2 RNA-Seq genelets	SRX004867	SRX004867	Cele_WS190	mRNA	RNA-seq	ShortReadArchive_record	total-RNA	Strain_N2;Developmental-Stage_larva mid-L1 25dC 4.0 hrs post-L1;temperature_20 degree celsius	RNA-seq	0			Cele_WS190	modENCODE_2845
2846	C. elegans mid-L2 N2 RNA-Seq genelets	SRX001872	SRX001872	Cele_WS190	mRNA	RNA-seq	ShortReadArchive_record	total-RNA	Strain_N2;Developmental-Stage_larva mid-L2 25dC 17.75 hrs post-L1;temperature_25 degree celsius	RNA-seq	0			Cele_WS190	modENCODE_2846
2847	C. elegans mid-L3 N2 RNA-Seq genelets	SRX001875	SRX001875	Cele_WS190	mRNA	RNA-seq	ShortReadArchive_record	total-RNA	Strain_N2;Developmental-Stage_larva mid-L3 25dC 26.75 hrs post-L1;temperature_25 degree celsius	RNA-seq	0			Cele_WS190	modENCODE_2847
2848	C. elegans mid-L4 N2 RNA-Seq genelets	SRX001874	SRX001874	Cele_WS190	mRNA	RNA-seq	ShortReadArchive_record	total-RNA	Strain_N2;Developmental-Stage_larva mid-L4 25dC 34.25 hrs post-L1;temperature_25 degree celsius	RNA-seq	0			Cele_WS190	modENCODE_2848
2866	Dm adult female, eclosion + 1 day RNA-Seq, multi mappers	SRR035393	SRR035393	Dmel_r5.4			ShortReadArchive_record		Strain_Y cn bw sp;Developmental-Stage_Adult female, eclosion + 1 day		0			Dmel_r5.4	modENCODE_2866
2866	Dm adult female, eclosion + 1 day RNA-Seq, multi mappers	SRR023702	SRR023702	Dmel_r5.4			ShortReadArchive_record		Strain_Y cn bw sp;Developmental-Stage_Adult female, eclosion + 1 day		0			Dmel_r5.4	modENCODE_2866
2866	Dm adult female, eclosion + 1 day RNA-Seq, multi mappers	SRR023737	SRR023737	Dmel_r5.4			ShortReadArchive_record		Strain_Y cn bw sp;Developmental-Stage_Adult female, eclosion + 1 day		0			Dmel_r5.4	modENCODE_2866
2866	Dm adult female, eclosion + 1 day RNA-Seq, multi mappers	SRR023595	SRR023595	Dmel_r5.4			ShortReadArchive_record		Strain_Y cn bw sp;Developmental-Stage_Adult female, eclosion + 1 day		0			Dmel_r5.4	modENCODE_2866
2866	Dm adult female, eclosion + 1 day RNA-Seq, multi mappers	SRR023680	SRR023680	Dmel_r5.4			ShortReadArchive_record		Strain_Y cn bw sp;Developmental-Stage_Adult female, eclosion + 1 day		0			Dmel_r5.4	modENCODE_2866
2866	Dm adult female, eclosion + 1 day RNA-Seq, multi mappers	SRR023828	SRR023828	Dmel_r5.4			ShortReadArchive_record		Strain_Y cn bw sp;Developmental-Stage_Adult female, eclosion + 1 day		0			Dmel_r5.4	modENCODE_2866
2866	Dm adult female, eclosion + 1 day RNA-Seq, multi mappers	SRR024220	SRR024220	Dmel_r5.4			ShortReadArchive_record		Strain_Y cn bw sp;Developmental-Stage_Adult female, eclosion + 1 day		0			Dmel_r5.4	modENCODE_2866
2866	Dm adult female, eclosion + 1 day RNA-Seq, multi mappers	SRR023662	SRR023662	Dmel_r5.4			ShortReadArchive_record		Strain_Y cn bw sp;Developmental-Stage_Adult female, eclosion + 1 day		0			Dmel_r5.4	modENCODE_2866
2867	Dm adult female, eclosion + 30 days RNA-Seq, multi mapper	SRR029236	SRR029236	Dmel_r5.4			ShortReadArchive_record		Strain_Y cn bw sp;Developmental-Stage_Adult female, eclosion + 30 days		0			Dmel_r5.4	modENCODE_2867
2867	Dm adult female, eclosion + 30 days RNA-Seq, multi mapper	SRR023598	SRR023598	Dmel_r5.4			ShortReadArchive_record		Strain_Y cn bw sp;Developmental-Stage_Adult female, eclosion + 30 days		0			Dmel_r5.4	modENCODE_2867
2867	Dm adult female, eclosion + 30 days RNA-Seq, multi mapper	SRR023674	SRR023674	Dmel_r5.4			ShortReadArchive_record		Strain_Y cn bw sp;Developmental-Stage_Adult female, eclosion + 30 days		0			Dmel_r5.4	modENCODE_2867
2867	Dm adult female, eclosion + 30 days RNA-Seq, multi mapper	SRR023757	SRR023757	Dmel_r5.4			ShortReadArchive_record		Strain_Y cn bw sp;Developmental-Stage_Adult female, eclosion + 30 days		0			Dmel_r5.4	modENCODE_2867
2867	Dm adult female, eclosion + 30 days RNA-Seq, multi mapper	SRR023548	SRR023548	Dmel_r5.4			ShortReadArchive_record		Strain_Y cn bw sp;Developmental-Stage_Adult female, eclosion + 30 days		0			Dmel_r5.4	modENCODE_2867
2867	Dm adult female, eclosion + 30 days RNA-Seq, multi mapper	SRR029232	SRR029232	Dmel_r5.4			ShortReadArchive_record		Strain_Y cn bw sp;Developmental-Stage_Adult female, eclosion + 30 days		0			Dmel_r5.4	modENCODE_2867
2867	Dm adult female, eclosion + 30 days RNA-Seq, multi mapper	SRR023712	SRR023712	Dmel_r5.4			ShortReadArchive_record		Strain_Y cn bw sp;Developmental-Stage_Adult female, eclosion + 30 days		0			Dmel_r5.4	modENCODE_2867
2867	Dm adult female, eclosion + 30 days RNA-Seq, multi mapper	SRR023681	SRR023681	Dmel_r5.4			ShortReadArchive_record		Strain_Y cn bw sp;Developmental-Stage_Adult female, eclosion + 30 days		0			Dmel_r5.4	modENCODE_2867
2868	Dm adult female, eclosion + 5 days RNA-Seq, multi mappers	SRR029230	SRR029230	Dmel_r5.4			ShortReadArchive_record		Strain_Y cn bw sp;Developmental-Stage_Adult female, eclosion + 5 days		0			Dmel_r5.4	modENCODE_2868
2868	Dm adult female, eclosion + 5 days RNA-Seq, multi mappers	SRR023547	SRR023547	Dmel_r5.4			ShortReadArchive_record		Strain_Y cn bw sp;Developmental-Stage_Adult female, eclosion + 5 days		0			Dmel_r5.4	modENCODE_2868
2868	Dm adult female, eclosion + 5 days RNA-Seq, multi mappers	SRR029234	SRR029234	Dmel_r5.4			ShortReadArchive_record		Strain_Y cn bw sp;Developmental-Stage_Adult female, eclosion + 5 days		0			Dmel_r5.4	modENCODE_2868
2868	Dm adult female, eclosion + 5 days RNA-Seq, multi mappers	SRR023651	SRR023651	Dmel_r5.4			ShortReadArchive_record		Strain_Y cn bw sp;Developmental-Stage_Adult female, eclosion + 5 days		0			Dmel_r5.4	modENCODE_2868
2868	Dm adult female, eclosion + 5 days RNA-Seq, multi mappers	SRR023730	SRR023730	Dmel_r5.4			ShortReadArchive_record		Strain_Y cn bw sp;Developmental-Stage_Adult female, eclosion + 5 days		0			Dmel_r5.4	modENCODE_2868
2868	Dm adult female, eclosion + 5 days RNA-Seq, multi mappers	SRR023717	SRR023717	Dmel_r5.4			ShortReadArchive_record		Strain_Y cn bw sp;Developmental-Stage_Adult female, eclosion + 5 days		0			Dmel_r5.4	modENCODE_2868
2868	Dm adult female, eclosion + 5 days RNA-Seq, multi mappers	SRR023607	SRR023607	Dmel_r5.4			ShortReadArchive_record		Strain_Y cn bw sp;Developmental-Stage_Adult female, eclosion + 5 days		0			Dmel_r5.4	modENCODE_2868
2868	Dm adult female, eclosion + 5 days RNA-Seq, multi mappers	SRR023645	SRR023645	Dmel_r5.4			ShortReadArchive_record		Strain_Y cn bw sp;Developmental-Stage_Adult female, eclosion + 5 days		0			Dmel_r5.4	modENCODE_2868
2869	Dm adult male, eclosion + 1 day RNA-Seq, multi mappers	SRR035394	SRR035394	Dmel_r5.4			ShortReadArchive_record		Strain_Y cn bw sp;Developmental-Stage_Adult male, eclosion + 1 day		0			Dmel_r5.4	modENCODE_2869
2869	Dm adult male, eclosion + 1 day RNA-Seq, multi mappers	SRR023678	SRR023678	Dmel_r5.4			ShortReadArchive_record		Strain_Y cn bw sp;Developmental-Stage_Adult male, eclosion + 1 day		0			Dmel_r5.4	modENCODE_2869
2869	Dm adult male, eclosion + 1 day RNA-Seq, multi mappers	SRR023664	SRR023664	Dmel_r5.4			ShortReadArchive_record		Strain_Y cn bw sp;Developmental-Stage_Adult male, eclosion + 1 day		0			Dmel_r5.4	modENCODE_2869
2869	Dm adult male, eclosion + 1 day RNA-Seq, multi mappers	SRR023648	SRR023648	Dmel_r5.4			ShortReadArchive_record		Strain_Y cn bw sp;Developmental-Stage_Adult male, eclosion + 1 day		0			Dmel_r5.4	modENCODE_2869
2869	Dm adult male, eclosion + 1 day RNA-Seq, multi mappers	SRR023543	SRR023543	Dmel_r5.4			ShortReadArchive_record		Strain_Y cn bw sp;Developmental-Stage_Adult male, eclosion + 1 day		0			Dmel_r5.4	modENCODE_2869
2869	Dm adult male, eclosion + 1 day RNA-Seq, multi mappers	SRR023741	SRR023741	Dmel_r5.4			ShortReadArchive_record		Strain_Y cn bw sp;Developmental-Stage_Adult male, eclosion + 1 day		0			Dmel_r5.4	modENCODE_2869
2869	Dm adult male, eclosion + 1 day RNA-Seq, multi mappers	SRR023825	SRR023825	Dmel_r5.4			ShortReadArchive_record		Strain_Y cn bw sp;Developmental-Stage_Adult male, eclosion + 1 day		0			Dmel_r5.4	modENCODE_2869
2870	Dm adult male, eclosion + 30 days RNA-Seq, multi mappers	SRR023714	SRR023714	Dmel_r5.4			ShortReadArchive_record		Strain_Y cn bw sp;Developmental-Stage_Adult male, eclosion + 30 days		0			Dmel_r5.4	modENCODE_2870
2870	Dm adult male, eclosion + 30 days RNA-Seq, multi mappers	SRR023823	SRR023823	Dmel_r5.4			ShortReadArchive_record		Strain_Y cn bw sp;Developmental-Stage_Adult male, eclosion + 30 days		0			Dmel_r5.4	modENCODE_2870
2870	Dm adult male, eclosion + 30 days RNA-Seq, multi mappers	SRR023601	SRR023601	Dmel_r5.4			ShortReadArchive_record		Strain_Y cn bw sp;Developmental-Stage_Adult male, eclosion + 30 days		0			Dmel_r5.4	modENCODE_2870
2870	Dm adult male, eclosion + 30 days RNA-Seq, multi mappers	SRR023752	SRR023752	Dmel_r5.4			ShortReadArchive_record		Strain_Y cn bw sp;Developmental-Stage_Adult male, eclosion + 30 days		0			Dmel_r5.4	modENCODE_2870
2870	Dm adult male, eclosion + 30 days RNA-Seq, multi mappers	SRR023650	SRR023650	Dmel_r5.4			ShortReadArchive_record		Strain_Y cn bw sp;Developmental-Stage_Adult male, eclosion + 30 days		0			Dmel_r5.4	modENCODE_2870
2870	Dm adult male, eclosion + 30 days RNA-Seq, multi mappers	SRR023698	SRR023698	Dmel_r5.4			ShortReadArchive_record		Strain_Y cn bw sp;Developmental-Stage_Adult male, eclosion + 30 days		0			Dmel_r5.4	modENCODE_2870
2870	Dm adult male, eclosion + 30 days RNA-Seq, multi mappers	SRR024218	SRR024218	Dmel_r5.4			ShortReadArchive_record		Strain_Y cn bw sp;Developmental-Stage_Adult male, eclosion + 30 days		0			Dmel_r5.4	modENCODE_2870
2870	Dm adult male, eclosion + 30 days RNA-Seq, multi mappers	SRR035395	SRR035395	Dmel_r5.4			ShortReadArchive_record		Strain_Y cn bw sp;Developmental-Stage_Adult male, eclosion + 30 days		0			Dmel_r5.4	modENCODE_2870
2871	Dm adult male, eclosion + 5 days RNA-Seq, multi mappers	SRR023605	SRR023605	Dmel_r5.4			ShortReadArchive_record		Strain_Y cn bw sp;Developmental-Stage_Adult male, eclosion + 5 days		0			Dmel_r5.4	modENCODE_2871
2871	Dm adult male, eclosion + 5 days RNA-Seq, multi mappers	SRR023606	SRR023606	Dmel_r5.4			ShortReadArchive_record		Strain_Y cn bw sp;Developmental-Stage_Adult male, eclosion + 5 days		0			Dmel_r5.4	modENCODE_2871
2871	Dm adult male, eclosion + 5 days RNA-Seq, multi mappers	SRR029176	SRR029176	Dmel_r5.4			ShortReadArchive_record		Strain_Y cn bw sp;Developmental-Stage_Adult male, eclosion + 5 days		0			Dmel_r5.4	modENCODE_2871
2871	Dm adult male, eclosion + 5 days RNA-Seq, multi mappers	SRR029233	SRR029233	Dmel_r5.4			ShortReadArchive_record		Strain_Y cn bw sp;Developmental-Stage_Adult male, eclosion + 5 days		0			Dmel_r5.4	modENCODE_2871
2871	Dm adult male, eclosion + 5 days RNA-Seq, multi mappers	SRR023679	SRR023679	Dmel_r5.4			ShortReadArchive_record		Strain_Y cn bw sp;Developmental-Stage_Adult male, eclosion + 5 days		0			Dmel_r5.4	modENCODE_2871
2871	Dm adult male, eclosion + 5 days RNA-Seq, multi mappers	SRR023658	SRR023658	Dmel_r5.4			ShortReadArchive_record		Strain_Y cn bw sp;Developmental-Stage_Adult male, eclosion + 5 days		0			Dmel_r5.4	modENCODE_2871
2871	Dm adult male, eclosion + 5 days RNA-Seq, multi mappers	SRR023672	SRR023672	Dmel_r5.4			ShortReadArchive_record		Strain_Y cn bw sp;Developmental-Stage_Adult male, eclosion + 5 days		0			Dmel_r5.4	modENCODE_2871
2871	Dm adult male, eclosion + 5 days RNA-Seq, multi mappers	SRR029231	SRR029231	Dmel_r5.4			ShortReadArchive_record		Strain_Y cn bw sp;Developmental-Stage_Adult male, eclosion + 5 days		0			Dmel_r5.4	modENCODE_2871
2871	Dm adult male, eclosion + 5 days RNA-Seq, multi mappers	SRR023642	SRR023642	Dmel_r5.4			ShortReadArchive_record		Strain_Y cn bw sp;Developmental-Stage_Adult male, eclosion + 5 days		0			Dmel_r5.4	modENCODE_2871
2871	Dm adult male, eclosion + 5 days RNA-Seq, multi mappers	SRR029235	SRR029235	Dmel_r5.4			ShortReadArchive_record		Strain_Y cn bw sp;Developmental-Stage_Adult male, eclosion + 5 days		0			Dmel_r5.4	modENCODE_2871
2871	Dm adult male, eclosion + 5 days RNA-Seq, multi mappers	SRR023713	SRR023713	Dmel_r5.4			ShortReadArchive_record		Strain_Y cn bw sp;Developmental-Stage_Adult male, eclosion + 5 days		0			Dmel_r5.4	modENCODE_2871
2871	Dm adult male, eclosion + 5 days RNA-Seq, multi mappers	SRR023550	SRR023550	Dmel_r5.4			ShortReadArchive_record		Strain_Y cn bw sp;Developmental-Stage_Adult male, eclosion + 5 days		0			Dmel_r5.4	modENCODE_2871
2872	Dm L1 stage larvae RNA-Seq, multi mappers	SRR035410	SRR035410	Dmel_r5.4	mRNA	RNA-seq	ShortReadArchive_record	total-RNA	Strain_Y cn bw sp;Developmental-Stage_L1 stage larvae	RNA-seq	0			Dmel_r5.4	modENCODE_2872
2872	Dm L1 stage larvae RNA-Seq, multi mappers	SRR023835	SRR023835	Dmel_r5.4	mRNA	RNA-seq	ShortReadArchive_record	total-RNA	Strain_Y cn bw sp;Developmental-Stage_L1 stage larvae	RNA-seq	0			Dmel_r5.4	modENCODE_2872
2872	Dm L1 stage larvae RNA-Seq, multi mappers	SRR023706	SRR023706	Dmel_r5.4	mRNA	RNA-seq	ShortReadArchive_record	total-RNA	Strain_Y cn bw sp;Developmental-Stage_L1 stage larvae	RNA-seq	0			Dmel_r5.4	modENCODE_2872
2872	Dm L1 stage larvae RNA-Seq, multi mappers	SRR023646	SRR023646	Dmel_r5.4	mRNA	RNA-seq	ShortReadArchive_record	total-RNA	Strain_Y cn bw sp;Developmental-Stage_L1 stage larvae	RNA-seq	0			Dmel_r5.4	modENCODE_2872
2872	Dm L1 stage larvae RNA-Seq, multi mappers	SRR023661	SRR023661	Dmel_r5.4	mRNA	RNA-seq	ShortReadArchive_record	total-RNA	Strain_Y cn bw sp;Developmental-Stage_L1 stage larvae	RNA-seq	0			Dmel_r5.4	modENCODE_2872
2872	Dm L1 stage larvae RNA-Seq, multi mappers	SRR023597	SRR023597	Dmel_r5.4	mRNA	RNA-seq	ShortReadArchive_record	total-RNA	Strain_Y cn bw sp;Developmental-Stage_L1 stage larvae	RNA-seq	0			Dmel_r5.4	modENCODE_2872
2872	Dm L1 stage larvae RNA-Seq, multi mappers	SRR023666	SRR023666	Dmel_r5.4	mRNA	RNA-seq	ShortReadArchive_record	total-RNA	Strain_Y cn bw sp;Developmental-Stage_L1 stage larvae	RNA-seq	0			Dmel_r5.4	modENCODE_2872
2873	Dm L2 stage larvae RNA-Seq, multi mappers	SRR035411	SRR035411	Dmel_r5.4	mRNA	RNA-seq	ShortReadArchive_record	total-RNA	Strain_Y cn bw sp;Developmental-Stage_L2 stage larvae	RNA-seq	0			Dmel_r5.4	modENCODE_2873
2873	Dm L2 stage larvae RNA-Seq, multi mappers	SRR023719	SRR023719	Dmel_r5.4	mRNA	RNA-seq	ShortReadArchive_record	total-RNA	Strain_Y cn bw sp;Developmental-Stage_L2 stage larvae	RNA-seq	0			Dmel_r5.4	modENCODE_2873
2873	Dm L2 stage larvae RNA-Seq, multi mappers	SRR035223	SRR035223	Dmel_r5.4	mRNA	RNA-seq	ShortReadArchive_record	total-RNA	Strain_Y cn bw sp;Developmental-Stage_L2 stage larvae	RNA-seq	0			Dmel_r5.4	modENCODE_2873
2873	Dm L2 stage larvae RNA-Seq, multi mappers	SRR023761	SRR023761	Dmel_r5.4	mRNA	RNA-seq	ShortReadArchive_record	total-RNA	Strain_Y cn bw sp;Developmental-Stage_L2 stage larvae	RNA-seq	0			Dmel_r5.4	modENCODE_2873
2873	Dm L2 stage larvae RNA-Seq, multi mappers	SRR023824	SRR023824	Dmel_r5.4	mRNA	RNA-seq	ShortReadArchive_record	total-RNA	Strain_Y cn bw sp;Developmental-Stage_L2 stage larvae	RNA-seq	0			Dmel_r5.4	modENCODE_2873
2873	Dm L2 stage larvae RNA-Seq, multi mappers	SRR024016	SRR024016	Dmel_r5.4	mRNA	RNA-seq	ShortReadArchive_record	total-RNA	Strain_Y cn bw sp;Developmental-Stage_L2 stage larvae	RNA-seq	0			Dmel_r5.4	modENCODE_2873
2873	Dm L2 stage larvae RNA-Seq, multi mappers	SRR023670	SRR023670	Dmel_r5.4	mRNA	RNA-seq	ShortReadArchive_record	total-RNA	Strain_Y cn bw sp;Developmental-Stage_L2 stage larvae	RNA-seq	0			Dmel_r5.4	modENCODE_2873
2873	Dm L2 stage larvae RNA-Seq, multi mappers	SRR035412	SRR035412	Dmel_r5.4	mRNA	RNA-seq	ShortReadArchive_record	total-RNA	Strain_Y cn bw sp;Developmental-Stage_L2 stage larvae	RNA-seq	0			Dmel_r5.4	modENCODE_2873
2873	Dm L2 stage larvae RNA-Seq, multi mappers	SRR023542	SRR023542	Dmel_r5.4	mRNA	RNA-seq	ShortReadArchive_record	total-RNA	Strain_Y cn bw sp;Developmental-Stage_L2 stage larvae	RNA-seq	0			Dmel_r5.4	modENCODE_2873
2874	Dm L3 stage larvae, 12 hr post-molt RNA-Seq, multi mappers	SRR023760	SRR023760	Dmel_r5.4	mRNA	RNA-seq	ShortReadArchive_record	total-RNA	Strain_Y cn bw sp;Developmental-Stage_L3 stage larvae, 12 hr post-molt	RNA-seq	0			Dmel_r5.4	modENCODE_2874
2874	Dm L3 stage larvae, 12 hr post-molt RNA-Seq, multi mappers	SRR023677	SRR023677	Dmel_r5.4	mRNA	RNA-seq	ShortReadArchive_record	total-RNA	Strain_Y cn bw sp;Developmental-Stage_L3 stage larvae, 12 hr post-molt	RNA-seq	0			Dmel_r5.4	modENCODE_2874
2874	Dm L3 stage larvae, 12 hr post-molt RNA-Seq, multi mappers	SRR023507	SRR023507	Dmel_r5.4	mRNA	RNA-seq	ShortReadArchive_record	total-RNA	Strain_Y cn bw sp;Developmental-Stage_L3 stage larvae, 12 hr post-molt	RNA-seq	0			Dmel_r5.4	modENCODE_2874
2874	Dm L3 stage larvae, 12 hr post-molt RNA-Seq, multi mappers	SRR023649	SRR023649	Dmel_r5.4	mRNA	RNA-seq	ShortReadArchive_record	total-RNA	Strain_Y cn bw sp;Developmental-Stage_L3 stage larvae, 12 hr post-molt	RNA-seq	0			Dmel_r5.4	modENCODE_2874
2874	Dm L3 stage larvae, 12 hr post-molt RNA-Seq, multi mappers	SRR027111	SRR027111	Dmel_r5.4	mRNA	RNA-seq	ShortReadArchive_record	total-RNA	Strain_Y cn bw sp;Developmental-Stage_L3 stage larvae, 12 hr post-molt	RNA-seq	0			Dmel_r5.4	modENCODE_2874
2874	Dm L3 stage larvae, 12 hr post-molt RNA-Seq, multi mappers	SRR023731	SRR023731	Dmel_r5.4	mRNA	RNA-seq	ShortReadArchive_record	total-RNA	Strain_Y cn bw sp;Developmental-Stage_L3 stage larvae, 12 hr post-molt	RNA-seq	0			Dmel_r5.4	modENCODE_2874
2875	Dm L3 stage larvae, dark blue gut PS(1-2) RNA-Seq, multi mappers	SRR023546	SRR023546	Dmel_r5.4	mRNA	RNA-seq	ShortReadArchive_record	total-RNA	Strain_Y cn bw sp;Developmental-Stage_L3 stage larvae, dark blue gut PS(1-2) stage	RNA-seq	0			Dmel_r5.4	modENCODE_2875
2875	Dm L3 stage larvae, dark blue gut PS(1-2) RNA-Seq, multi mappers	SRR023726	SRR023726	Dmel_r5.4	mRNA	RNA-seq	ShortReadArchive_record	total-RNA	Strain_Y cn bw sp;Developmental-Stage_L3 stage larvae, dark blue gut PS(1-2) stage	RNA-seq	0			Dmel_r5.4	modENCODE_2875
2875	Dm L3 stage larvae, dark blue gut PS(1-2) RNA-Seq, multi mappers	SRR023758	SRR023758	Dmel_r5.4	mRNA	RNA-seq	ShortReadArchive_record	total-RNA	Strain_Y cn bw sp;Developmental-Stage_L3 stage larvae, dark blue gut PS(1-2) stage	RNA-seq	0			Dmel_r5.4	modENCODE_2875
2875	Dm L3 stage larvae, dark blue gut PS(1-2) RNA-Seq, multi mappers	SRR023638	SRR023638	Dmel_r5.4	mRNA	RNA-seq	ShortReadArchive_record	total-RNA	Strain_Y cn bw sp;Developmental-Stage_L3 stage larvae, dark blue gut PS(1-2) stage	RNA-seq	0			Dmel_r5.4	modENCODE_2875
2875	Dm L3 stage larvae, dark blue gut PS(1-2) RNA-Seq, multi mappers	SRR035413	SRR035413	Dmel_r5.4	mRNA	RNA-seq	ShortReadArchive_record	total-RNA	Strain_Y cn bw sp;Developmental-Stage_L3 stage larvae, dark blue gut PS(1-2) stage	RNA-seq	0			Dmel_r5.4	modENCODE_2875
2875	Dm L3 stage larvae, dark blue gut PS(1-2) RNA-Seq, multi mappers	SRR023697	SRR023697	Dmel_r5.4	mRNA	RNA-seq	ShortReadArchive_record	total-RNA	Strain_Y cn bw sp;Developmental-Stage_L3 stage larvae, dark blue gut PS(1-2) stage	RNA-seq	0			Dmel_r5.4	modENCODE_2875
2875	Dm L3 stage larvae, dark blue gut PS(1-2) RNA-Seq, multi mappers	SRR023608	SRR023608	Dmel_r5.4	mRNA	RNA-seq	ShortReadArchive_record	total-RNA	Strain_Y cn bw sp;Developmental-Stage_L3 stage larvae, dark blue gut PS(1-2) stage	RNA-seq	0			Dmel_r5.4	modENCODE_2875
2875	Dm L3 stage larvae, dark blue gut PS(1-2) RNA-Seq, multi mappers	SRR023640	SRR023640	Dmel_r5.4	mRNA	RNA-seq	ShortReadArchive_record	total-RNA	Strain_Y cn bw sp;Developmental-Stage_L3 stage larvae, dark blue gut PS(1-2) stage	RNA-seq	0			Dmel_r5.4	modENCODE_2875
2876	Dm L3 stage larvae, light blue gut PS(3-6) RNA-Seq, multi mappers	SRR023505	SRR023505	Dmel_r5.4	mRNA	RNA-seq	ShortReadArchive_record	total-RNA	Strain_Y cn bw sp;Developmental-Stage_L3 stage larvae, light blue gut PS(3-6) stage	RNA-seq	0			Dmel_r5.4	modENCODE_2876
2876	Dm L3 stage larvae, light blue gut PS(3-6) RNA-Seq, multi mappers	SRR023690	SRR023690	Dmel_r5.4	mRNA	RNA-seq	ShortReadArchive_record	total-RNA	Strain_Y cn bw sp;Developmental-Stage_L3 stage larvae, light blue gut PS(3-6) stage	RNA-seq	0			Dmel_r5.4	modENCODE_2876
2876	Dm L3 stage larvae, light blue gut PS(3-6) RNA-Seq, multi mappers	SRR023676	SRR023676	Dmel_r5.4	mRNA	RNA-seq	ShortReadArchive_record	total-RNA	Strain_Y cn bw sp;Developmental-Stage_L3 stage larvae, light blue gut PS(3-6) stage	RNA-seq	0			Dmel_r5.4	modENCODE_2876
2876	Dm L3 stage larvae, light blue gut PS(3-6) RNA-Seq, multi mappers	SRR023742	SRR023742	Dmel_r5.4	mRNA	RNA-seq	ShortReadArchive_record	total-RNA	Strain_Y cn bw sp;Developmental-Stage_L3 stage larvae, light blue gut PS(3-6) stage	RNA-seq	0			Dmel_r5.4	modENCODE_2876
2876	Dm L3 stage larvae, light blue gut PS(3-6) RNA-Seq, multi mappers	SRR027108	SRR027108	Dmel_r5.4	mRNA	RNA-seq	ShortReadArchive_record	total-RNA	Strain_Y cn bw sp;Developmental-Stage_L3 stage larvae, light blue gut PS(3-6) stage	RNA-seq	0			Dmel_r5.4	modENCODE_2876
2876	Dm L3 stage larvae, light blue gut PS(3-6) RNA-Seq, multi mappers	SRR023683	SRR023683	Dmel_r5.4	mRNA	RNA-seq	ShortReadArchive_record	total-RNA	Strain_Y cn bw sp;Developmental-Stage_L3 stage larvae, light blue gut PS(3-6) stage	RNA-seq	0			Dmel_r5.4	modENCODE_2876
2876	Dm L3 stage larvae, light blue gut PS(3-6) RNA-Seq, multi mappers	SRR023692	SRR023692	Dmel_r5.4	mRNA	RNA-seq	ShortReadArchive_record	total-RNA	Strain_Y cn bw sp;Developmental-Stage_L3 stage larvae, light blue gut PS(3-6) stage	RNA-seq	0			Dmel_r5.4	modENCODE_2876
2877	Dm L3 stage larvae, clear gut PS (7-9) RNA-Seq, multi mappers	SRR035392	SRR035392	Dmel_r5.4	mRNA	RNA-seq	ShortReadArchive_record	total-RNA	Strain_Y cn bw sp;Developmental-Stage_L3 stage larvae, clear gut PS(7-9) stage	RNA-seq	0			Dmel_r5.4	modENCODE_2877
2877	Dm L3 stage larvae, clear gut PS (7-9) RNA-Seq, multi mappers	SRR023782	SRR023782	Dmel_r5.4	mRNA	RNA-seq	ShortReadArchive_record	total-RNA	Strain_Y cn bw sp;Developmental-Stage_L3 stage larvae, clear gut PS(7-9) stage	RNA-seq	0			Dmel_r5.4	modENCODE_2877
2877	Dm L3 stage larvae, clear gut PS (7-9) RNA-Seq, multi mappers	SRR023865	SRR023865	Dmel_r5.4	mRNA	RNA-seq	ShortReadArchive_record	total-RNA	Strain_Y cn bw sp;Developmental-Stage_L3 stage larvae, clear gut PS(7-9) stage	RNA-seq	0			Dmel_r5.4	modENCODE_2877
2877	Dm L3 stage larvae, clear gut PS (7-9) RNA-Seq, multi mappers	SRR026433	SRR026433	Dmel_r5.4	mRNA	RNA-seq	ShortReadArchive_record	total-RNA	Strain_Y cn bw sp;Developmental-Stage_L3 stage larvae, clear gut PS(7-9) stage	RNA-seq	0			Dmel_r5.4	modENCODE_2877
2877	Dm L3 stage larvae, clear gut PS (7-9) RNA-Seq, multi mappers	SRR023739	SRR023739	Dmel_r5.4	mRNA	RNA-seq	ShortReadArchive_record	total-RNA	Strain_Y cn bw sp;Developmental-Stage_L3 stage larvae, clear gut PS(7-9) stage	RNA-seq	0			Dmel_r5.4	modENCODE_2877
2877	Dm L3 stage larvae, clear gut PS (7-9) RNA-Seq, multi mappers	SRR035219	SRR035219	Dmel_r5.4	mRNA	RNA-seq	ShortReadArchive_record	total-RNA	Strain_Y cn bw sp;Developmental-Stage_L3 stage larvae, clear gut PS(7-9) stage	RNA-seq	0			Dmel_r5.4	modENCODE_2877
2877	Dm L3 stage larvae, clear gut PS (7-9) RNA-Seq, multi mappers	SRR023729	SRR023729	Dmel_r5.4	mRNA	RNA-seq	ShortReadArchive_record	total-RNA	Strain_Y cn bw sp;Developmental-Stage_L3 stage larvae, clear gut PS(7-9) stage	RNA-seq	0			Dmel_r5.4	modENCODE_2877
2878	Dm white prepupae (WPP) RNA-Seq, multi mappers	SRR023784	SRR023784	Dmel_r5.4	mRNA	RNA-seq	ShortReadArchive_record	total-RNA	Strain_Y cn bw sp;Developmental-Stage_White prepupae (WPP)	RNA-seq	0			Dmel_r5.4	modENCODE_2878
2878	Dm white prepupae (WPP) RNA-Seq, multi mappers	SRR035217	SRR035217	Dmel_r5.4	mRNA	RNA-seq	ShortReadArchive_record	total-RNA	Strain_Y cn bw sp;Developmental-Stage_White prepupae (WPP)	RNA-seq	0			Dmel_r5.4	modENCODE_2878
2878	Dm white prepupae (WPP) RNA-Seq, multi mappers	SRR023837	SRR023837	Dmel_r5.4	mRNA	RNA-seq	ShortReadArchive_record	total-RNA	Strain_Y cn bw sp;Developmental-Stage_White prepupae (WPP)	RNA-seq	0			Dmel_r5.4	modENCODE_2878
2878	Dm white prepupae (WPP) RNA-Seq, multi mappers	SRR023687	SRR023687	Dmel_r5.4	mRNA	RNA-seq	ShortReadArchive_record	total-RNA	Strain_Y cn bw sp;Developmental-Stage_White prepupae (WPP)	RNA-seq	0			Dmel_r5.4	modENCODE_2878
2878	Dm white prepupae (WPP) RNA-Seq, multi mappers	SRR023695	SRR023695	Dmel_r5.4	mRNA	RNA-seq	ShortReadArchive_record	total-RNA	Strain_Y cn bw sp;Developmental-Stage_White prepupae (WPP)	RNA-seq	0			Dmel_r5.4	modENCODE_2878
2878	Dm white prepupae (WPP) RNA-Seq, multi mappers	SRR026432	SRR026432	Dmel_r5.4	mRNA	RNA-seq	ShortReadArchive_record	total-RNA	Strain_Y cn bw sp;Developmental-Stage_White prepupae (WPP)	RNA-seq	0			Dmel_r5.4	modENCODE_2878
2878	Dm white prepupae (WPP) RNA-Seq, multi mappers	SRR023704	SRR023704	Dmel_r5.4	mRNA	RNA-seq	ShortReadArchive_record	total-RNA	Strain_Y cn bw sp;Developmental-Stage_White prepupae (WPP)	RNA-seq	0			Dmel_r5.4	modENCODE_2878
2879	Dm WPP + 12 hr RNA-Seq, multi mappers	SRR035414	SRR035414	Dmel_r5.4	mRNA	RNA-seq	ShortReadArchive_record	total-RNA	Strain_Y cn bw sp;Developmental-Stage_WPP + 12 hr	RNA-seq	0			Dmel_r5.4	modENCODE_2879
2879	Dm WPP + 12 hr RNA-Seq, multi mappers	SRR023544	SRR023544	Dmel_r5.4	mRNA	RNA-seq	ShortReadArchive_record	total-RNA	Strain_Y cn bw sp;Developmental-Stage_WPP + 12 hr	RNA-seq	0			Dmel_r5.4	modENCODE_2879
2879	Dm WPP + 12 hr RNA-Seq, multi mappers	SRR023647	SRR023647	Dmel_r5.4	mRNA	RNA-seq	ShortReadArchive_record	total-RNA	Strain_Y cn bw sp;Developmental-Stage_WPP + 12 hr	RNA-seq	0			Dmel_r5.4	modENCODE_2879
2879	Dm WPP + 12 hr RNA-Seq, multi mappers	SRR023639	SRR023639	Dmel_r5.4	mRNA	RNA-seq	ShortReadArchive_record	total-RNA	Strain_Y cn bw sp;Developmental-Stage_WPP + 12 hr	RNA-seq	0			Dmel_r5.4	modENCODE_2879
2879	Dm WPP + 12 hr RNA-Seq, multi mappers	SRR023833	SRR023833	Dmel_r5.4	mRNA	RNA-seq	ShortReadArchive_record	total-RNA	Strain_Y cn bw sp;Developmental-Stage_WPP + 12 hr	RNA-seq	0			Dmel_r5.4	modENCODE_2879
2879	Dm WPP + 12 hr RNA-Seq, multi mappers	SRR023716	SRR023716	Dmel_r5.4	mRNA	RNA-seq	ShortReadArchive_record	total-RNA	Strain_Y cn bw sp;Developmental-Stage_WPP + 12 hr	RNA-seq	0			Dmel_r5.4	modENCODE_2879
2879	Dm WPP + 12 hr RNA-Seq, multi mappers	SRR023689	SRR023689	Dmel_r5.4	mRNA	RNA-seq	ShortReadArchive_record	total-RNA	Strain_Y cn bw sp;Developmental-Stage_WPP + 12 hr	RNA-seq	0			Dmel_r5.4	modENCODE_2879
2880	Dm WPP + 24 hr RNA-Seq, multi mappers	SRR035415	SRR035415	Dmel_r5.4	mRNA	RNA-seq	ShortReadArchive_record	total-RNA	Strain_Y cn bw sp;Developmental-Stage_WPP + 24 hr	RNA-seq	0			Dmel_r5.4	modENCODE_2880
2880	Dm WPP + 24 hr RNA-Seq, multi mappers	SRR023756	SRR023756	Dmel_r5.4	mRNA	RNA-seq	ShortReadArchive_record	total-RNA	Strain_Y cn bw sp;Developmental-Stage_WPP + 24 hr	RNA-seq	0			Dmel_r5.4	modENCODE_2880
2880	Dm WPP + 24 hr RNA-Seq, multi mappers	SRR023830	SRR023830	Dmel_r5.4	mRNA	RNA-seq	ShortReadArchive_record	total-RNA	Strain_Y cn bw sp;Developmental-Stage_WPP + 24 hr	RNA-seq	0			Dmel_r5.4	modENCODE_2880
2880	Dm WPP + 24 hr RNA-Seq, multi mappers	SRR023541	SRR023541	Dmel_r5.4	mRNA	RNA-seq	ShortReadArchive_record	total-RNA	Strain_Y cn bw sp;Developmental-Stage_WPP + 24 hr	RNA-seq	0			Dmel_r5.4	modENCODE_2880
2880	Dm WPP + 24 hr RNA-Seq, multi mappers	SRR023656	SRR023656	Dmel_r5.4	mRNA	RNA-seq	ShortReadArchive_record	total-RNA	Strain_Y cn bw sp;Developmental-Stage_WPP + 24 hr	RNA-seq	0			Dmel_r5.4	modENCODE_2880
2880	Dm WPP + 24 hr RNA-Seq, multi mappers	SRR023708	SRR023708	Dmel_r5.4	mRNA	RNA-seq	ShortReadArchive_record	total-RNA	Strain_Y cn bw sp;Developmental-Stage_WPP + 24 hr	RNA-seq	0			Dmel_r5.4	modENCODE_2880
2881	Dm pupae, WPP + 2 days RNA-Seq, multi mappers	SRR023743	SRR023743	Dmel_r5.4	mRNA	RNA-seq	ShortReadArchive_record	total-RNA	Strain_Y cn bw sp;Developmental-Stage_Pupae, WPP + 2 days	RNA-seq	0			Dmel_r5.4	modENCODE_2881
2881	Dm pupae, WPP + 2 days RNA-Seq, multi mappers	SRR026431	SRR026431	Dmel_r5.4	mRNA	RNA-seq	ShortReadArchive_record	total-RNA	Strain_Y cn bw sp;Developmental-Stage_Pupae, WPP + 2 days	RNA-seq	0			Dmel_r5.4	modENCODE_2881
2881	Dm pupae, WPP + 2 days RNA-Seq, multi mappers	SRR023667	SRR023667	Dmel_r5.4	mRNA	RNA-seq	ShortReadArchive_record	total-RNA	Strain_Y cn bw sp;Developmental-Stage_Pupae, WPP + 2 days	RNA-seq	0			Dmel_r5.4	modENCODE_2881
2881	Dm pupae, WPP + 2 days RNA-Seq, multi mappers	SRR023829	SRR023829	Dmel_r5.4	mRNA	RNA-seq	ShortReadArchive_record	total-RNA	Strain_Y cn bw sp;Developmental-Stage_Pupae, WPP + 2 days	RNA-seq	0			Dmel_r5.4	modENCODE_2881
2881	Dm pupae, WPP + 2 days RNA-Seq, multi mappers	SRR023785	SRR023785	Dmel_r5.4	mRNA	RNA-seq	ShortReadArchive_record	total-RNA	Strain_Y cn bw sp;Developmental-Stage_Pupae, WPP + 2 days	RNA-seq	0			Dmel_r5.4	modENCODE_2881
2881	Dm pupae, WPP + 2 days RNA-Seq, multi mappers	SRR023721	SRR023721	Dmel_r5.4	mRNA	RNA-seq	ShortReadArchive_record	total-RNA	Strain_Y cn bw sp;Developmental-Stage_Pupae, WPP + 2 days	RNA-seq	0			Dmel_r5.4	modENCODE_2881
2882	Dm pupae, WPP + 3 days RNA-Seq, multi mappers	SRR023744	SRR023744	Dmel_r5.4	mRNA	RNA-seq	ShortReadArchive_record	total-RNA	Strain_Y cn bw sp;Developmental-Stage_Pupae, WPP + 3 days	RNA-seq	0			Dmel_r5.4	modENCODE_2882
2882	Dm pupae, WPP + 3 days RNA-Seq, multi mappers	SRR035218	SRR035218	Dmel_r5.4	mRNA	RNA-seq	ShortReadArchive_record	total-RNA	Strain_Y cn bw sp;Developmental-Stage_Pupae, WPP + 3 days	RNA-seq	0			Dmel_r5.4	modENCODE_2882
2882	Dm pupae, WPP + 3 days RNA-Seq, multi mappers	SRR026430	SRR026430	Dmel_r5.4	mRNA	RNA-seq	ShortReadArchive_record	total-RNA	Strain_Y cn bw sp;Developmental-Stage_Pupae, WPP + 3 days	RNA-seq	0			Dmel_r5.4	modENCODE_2882
2882	Dm pupae, WPP + 3 days RNA-Seq, multi mappers	SRR023748	SRR023748	Dmel_r5.4	mRNA	RNA-seq	ShortReadArchive_record	total-RNA	Strain_Y cn bw sp;Developmental-Stage_Pupae, WPP + 3 days	RNA-seq	0			Dmel_r5.4	modENCODE_2882
2882	Dm pupae, WPP + 3 days RNA-Seq, multi mappers	SRR024216	SRR024216	Dmel_r5.4	mRNA	RNA-seq	ShortReadArchive_record	total-RNA	Strain_Y cn bw sp;Developmental-Stage_Pupae, WPP + 3 days	RNA-seq	0			Dmel_r5.4	modENCODE_2882
2882	Dm pupae, WPP + 3 days RNA-Seq, multi mappers	SRR035391	SRR035391	Dmel_r5.4	mRNA	RNA-seq	ShortReadArchive_record	total-RNA	Strain_Y cn bw sp;Developmental-Stage_Pupae, WPP + 3 days	RNA-seq	0			Dmel_r5.4	modENCODE_2882
2882	Dm pupae, WPP + 3 days RNA-Seq, multi mappers	SRR023738	SRR023738	Dmel_r5.4	mRNA	RNA-seq	ShortReadArchive_record	total-RNA	Strain_Y cn bw sp;Developmental-Stage_Pupae, WPP + 3 days	RNA-seq	0			Dmel_r5.4	modENCODE_2882
2882	Dm pupae, WPP + 3 days RNA-Seq, multi mappers	SRR023783	SRR023783	Dmel_r5.4	mRNA	RNA-seq	ShortReadArchive_record	total-RNA	Strain_Y cn bw sp;Developmental-Stage_Pupae, WPP + 3 days	RNA-seq	0			Dmel_r5.4	modENCODE_2882
2883	Dm pupae, WPP + 4 days RNA-Seq, multi mappers	SRR023735	SRR023735	Dmel_r5.4	mRNA	RNA-seq	ShortReadArchive_record	total-RNA	Strain_Y cn bw sp;Developmental-Stage_Pupae, WPP + 4 days	RNA-seq	0			Dmel_r5.4	modENCODE_2883
2883	Dm pupae, WPP + 4 days RNA-Seq, multi mappers	SRR023827	SRR023827	Dmel_r5.4	mRNA	RNA-seq	ShortReadArchive_record	total-RNA	Strain_Y cn bw sp;Developmental-Stage_Pupae, WPP + 4 days	RNA-seq	0			Dmel_r5.4	modENCODE_2883
2883	Dm pupae, WPP + 4 days RNA-Seq, multi mappers	SRR035416	SRR035416	Dmel_r5.4	mRNA	RNA-seq	ShortReadArchive_record	total-RNA	Strain_Y cn bw sp;Developmental-Stage_Pupae, WPP + 4 days	RNA-seq	0			Dmel_r5.4	modENCODE_2883
2883	Dm pupae, WPP + 4 days RNA-Seq, multi mappers	SRR023653	SRR023653	Dmel_r5.4	mRNA	RNA-seq	ShortReadArchive_record	total-RNA	Strain_Y cn bw sp;Developmental-Stage_Pupae, WPP + 4 days	RNA-seq	0			Dmel_r5.4	modENCODE_2883
2883	Dm pupae, WPP + 4 days RNA-Seq, multi mappers	SRR023740	SRR023740	Dmel_r5.4	mRNA	RNA-seq	ShortReadArchive_record	total-RNA	Strain_Y cn bw sp;Developmental-Stage_Pupae, WPP + 4 days	RNA-seq	0			Dmel_r5.4	modENCODE_2883
2883	Dm pupae, WPP + 4 days RNA-Seq, multi mappers	SRR023723	SRR023723	Dmel_r5.4	mRNA	RNA-seq	ShortReadArchive_record	total-RNA	Strain_Y cn bw sp;Developmental-Stage_Pupae, WPP + 4 days	RNA-seq	0			Dmel_r5.4	modENCODE_2883
2883	Dm pupae, WPP + 4 days RNA-Seq, multi mappers	SRR023609	SRR023609	Dmel_r5.4	mRNA	RNA-seq	ShortReadArchive_record	total-RNA	Strain_Y cn bw sp;Developmental-Stage_Pupae, WPP + 4 days	RNA-seq	0			Dmel_r5.4	modENCODE_2883
2884	Dm embryos, 0-2 hr after egg laying RNA-Seq, multi mappers	SRR035418	SRR035418	Dmel_r5.4	mRNA	RNA-seq	ShortReadArchive_record	total-RNA	Strain_Y cn bw sp;Developmental-Stage_Embryo 0-2h	RNA-seq	0			Dmel_r5.4	modENCODE_2884
2884	Dm embryos, 0-2 hr after egg laying RNA-Seq, multi mappers	SRR023659	SRR023659	Dmel_r5.4	mRNA	RNA-seq	ShortReadArchive_record	total-RNA	Strain_Y cn bw sp;Developmental-Stage_Embryo 0-2h	RNA-seq	0			Dmel_r5.4	modENCODE_2884
2884	Dm embryos, 0-2 hr after egg laying RNA-Seq, multi mappers	SRR023199	SRR023199	Dmel_r5.4	mRNA	RNA-seq	ShortReadArchive_record	total-RNA	Strain_Y cn bw sp;Developmental-Stage_Embryo 0-2h	RNA-seq	0			Dmel_r5.4	modENCODE_2884
2884	Dm embryos, 0-2 hr after egg laying RNA-Seq, multi mappers	SRR024013	SRR024013	Dmel_r5.4	mRNA	RNA-seq	ShortReadArchive_record	total-RNA	Strain_Y cn bw sp;Developmental-Stage_Embryo 0-2h	RNA-seq	0			Dmel_r5.4	modENCODE_2884
2884	Dm embryos, 0-2 hr after egg laying RNA-Seq, multi mappers	SRR035417	SRR035417	Dmel_r5.4	mRNA	RNA-seq	ShortReadArchive_record	total-RNA	Strain_Y cn bw sp;Developmental-Stage_Embryo 0-2h	RNA-seq	0			Dmel_r5.4	modENCODE_2884
2884	Dm embryos, 0-2 hr after egg laying RNA-Seq, multi mappers	SRR023755	SRR023755	Dmel_r5.4	mRNA	RNA-seq	ShortReadArchive_record	total-RNA	Strain_Y cn bw sp;Developmental-Stage_Embryo 0-2h	RNA-seq	0			Dmel_r5.4	modENCODE_2884
2884	Dm embryos, 0-2 hr after egg laying RNA-Seq, multi mappers	SRR023747	SRR023747	Dmel_r5.4	mRNA	RNA-seq	ShortReadArchive_record	total-RNA	Strain_Y cn bw sp;Developmental-Stage_Embryo 0-2h	RNA-seq	0			Dmel_r5.4	modENCODE_2884
2884	Dm embryos, 0-2 hr after egg laying RNA-Seq, multi mappers	SRR023663	SRR023663	Dmel_r5.4	mRNA	RNA-seq	ShortReadArchive_record	total-RNA	Strain_Y cn bw sp;Developmental-Stage_Embryo 0-2h	RNA-seq	0			Dmel_r5.4	modENCODE_2884
2884	Dm embryos, 0-2 hr after egg laying RNA-Seq, multi mappers	SRR027110	SRR027110	Dmel_r5.4	mRNA	RNA-seq	ShortReadArchive_record	total-RNA	Strain_Y cn bw sp;Developmental-Stage_Embryo 0-2h	RNA-seq	0			Dmel_r5.4	modENCODE_2884
2884	Dm embryos, 0-2 hr after egg laying RNA-Seq, multi mappers	SRR023671	SRR023671	Dmel_r5.4	mRNA	RNA-seq	ShortReadArchive_record	total-RNA	Strain_Y cn bw sp;Developmental-Stage_Embryo 0-2h	RNA-seq	0			Dmel_r5.4	modENCODE_2884
2885	Dm embryos, 2-4 hr after egg laying RNA-Seq, multi mappers	SRR023745	SRR023745	Dmel_r5.4	mRNA	RNA-seq	ShortReadArchive_record	total-RNA	Strain_Y cn bw sp;Developmental-Stage_Embryo 2-4h	RNA-seq	0			Dmel_r5.4	modENCODE_2885
2885	Dm embryos, 2-4 hr after egg laying RNA-Seq, multi mappers	SRR027112	SRR027112	Dmel_r5.4	mRNA	RNA-seq	ShortReadArchive_record	total-RNA	Strain_Y cn bw sp;Developmental-Stage_Embryo 2-4h	RNA-seq	0			Dmel_r5.4	modENCODE_2885
2885	Dm embryos, 2-4 hr after egg laying RNA-Seq, multi mappers	SRR023705	SRR023705	Dmel_r5.4	mRNA	RNA-seq	ShortReadArchive_record	total-RNA	Strain_Y cn bw sp;Developmental-Stage_Embryo 2-4h	RNA-seq	0			Dmel_r5.4	modENCODE_2885
2885	Dm embryos, 2-4 hr after egg laying RNA-Seq, multi mappers	SRR023722	SRR023722	Dmel_r5.4	mRNA	RNA-seq	ShortReadArchive_record	total-RNA	Strain_Y cn bw sp;Developmental-Stage_Embryo 2-4h	RNA-seq	0			Dmel_r5.4	modENCODE_2885
2885	Dm embryos, 2-4 hr after egg laying RNA-Seq, multi mappers	SRR023502	SRR023502	Dmel_r5.4	mRNA	RNA-seq	ShortReadArchive_record	total-RNA	Strain_Y cn bw sp;Developmental-Stage_Embryo 2-4h	RNA-seq	0			Dmel_r5.4	modENCODE_2885
2885	Dm embryos, 2-4 hr after egg laying RNA-Seq, multi mappers	SRR023660	SRR023660	Dmel_r5.4	mRNA	RNA-seq	ShortReadArchive_record	total-RNA	Strain_Y cn bw sp;Developmental-Stage_Embryo 2-4h	RNA-seq	0			Dmel_r5.4	modENCODE_2885
2886	Dm embryos, 4-6 hr after egg laying RNA-Seq, multi mappers	SRR035406	SRR035406	Dmel_r5.4	mRNA	RNA-seq	ShortReadArchive_record	total-RNA	Strain_Y cn bw sp;Developmental-Stage_Embryo 4-6h	RNA-seq	0			Dmel_r5.4	modENCODE_2886
2886	Dm embryos, 4-6 hr after egg laying RNA-Seq, multi mappers	SRR023836	SRR023836	Dmel_r5.4	mRNA	RNA-seq	ShortReadArchive_record	total-RNA	Strain_Y cn bw sp;Developmental-Stage_Embryo 4-6h	RNA-seq	0			Dmel_r5.4	modENCODE_2886
2886	Dm embryos, 4-6 hr after egg laying RNA-Seq, multi mappers	SRR023746	SRR023746	Dmel_r5.4	mRNA	RNA-seq	ShortReadArchive_record	total-RNA	Strain_Y cn bw sp;Developmental-Stage_Embryo 4-6h	RNA-seq	0			Dmel_r5.4	modENCODE_2886
2886	Dm embryos, 4-6 hr after egg laying RNA-Seq, multi mappers	SRR035405	SRR035405	Dmel_r5.4	mRNA	RNA-seq	ShortReadArchive_record	total-RNA	Strain_Y cn bw sp;Developmental-Stage_Embryo 4-6h	RNA-seq	0			Dmel_r5.4	modENCODE_2886
2886	Dm embryos, 4-6 hr after egg laying RNA-Seq, multi mappers	SRR023669	SRR023669	Dmel_r5.4	mRNA	RNA-seq	ShortReadArchive_record	total-RNA	Strain_Y cn bw sp;Developmental-Stage_Embryo 4-6h	RNA-seq	0			Dmel_r5.4	modENCODE_2886
2886	Dm embryos, 4-6 hr after egg laying RNA-Seq, multi mappers	SRR024014	SRR024014	Dmel_r5.4	mRNA	RNA-seq	ShortReadArchive_record	total-RNA	Strain_Y cn bw sp;Developmental-Stage_Embryo 4-6h	RNA-seq	0			Dmel_r5.4	modENCODE_2886
2886	Dm embryos, 4-6 hr after egg laying RNA-Seq, multi mappers	SRR035220	SRR035220	Dmel_r5.4	mRNA	RNA-seq	ShortReadArchive_record	total-RNA	Strain_Y cn bw sp;Developmental-Stage_Embryo 4-6h	RNA-seq	0			Dmel_r5.4	modENCODE_2886
2886	Dm embryos, 4-6 hr after egg laying RNA-Seq, multi mappers	SRR023539	SRR023539	Dmel_r5.4	mRNA	RNA-seq	ShortReadArchive_record	total-RNA	Strain_Y cn bw sp;Developmental-Stage_Embryo 4-6h	RNA-seq	0			Dmel_r5.4	modENCODE_2886
2886	Dm embryos, 4-6 hr after egg laying RNA-Seq, multi mappers	SRR023696	SRR023696	Dmel_r5.4	mRNA	RNA-seq	ShortReadArchive_record	total-RNA	Strain_Y cn bw sp;Developmental-Stage_Embryo 4-6h	RNA-seq	0			Dmel_r5.4	modENCODE_2886
2887	Dm embryos, 6-8 hr after egg laying RNA-Seq, multi mappers	SRR035408	SRR035408	Dmel_r5.4	mRNA	RNA-seq	ShortReadArchive_record	total-RNA	Strain_Y cn bw sp;Developmental-Stage_Embryo 6-8h	RNA-seq	0			Dmel_r5.4	modENCODE_2887
2887	Dm embryos, 6-8 hr after egg laying RNA-Seq, multi mappers	SRR023732	SRR023732	Dmel_r5.4	mRNA	RNA-seq	ShortReadArchive_record	total-RNA	Strain_Y cn bw sp;Developmental-Stage_Embryo 6-8h	RNA-seq	0			Dmel_r5.4	modENCODE_2887
2887	Dm embryos, 6-8 hr after egg laying RNA-Seq, multi mappers	SRR024009	SRR024009	Dmel_r5.4	mRNA	RNA-seq	ShortReadArchive_record	total-RNA	Strain_Y cn bw sp;Developmental-Stage_Embryo 6-8h	RNA-seq	0			Dmel_r5.4	modENCODE_2887
2887	Dm embryos, 6-8 hr after egg laying RNA-Seq, multi mappers	SRR023668	SRR023668	Dmel_r5.4	mRNA	RNA-seq	ShortReadArchive_record	total-RNA	Strain_Y cn bw sp;Developmental-Stage_Embryo 6-8h	RNA-seq	0			Dmel_r5.4	modENCODE_2887
2887	Dm embryos, 6-8 hr after egg laying RNA-Seq, multi mappers	SRR023691	SRR023691	Dmel_r5.4	mRNA	RNA-seq	ShortReadArchive_record	total-RNA	Strain_Y cn bw sp;Developmental-Stage_Embryo 6-8h	RNA-seq	0			Dmel_r5.4	modENCODE_2887
2887	Dm embryos, 6-8 hr after egg laying RNA-Seq, multi mappers	SRR023654	SRR023654	Dmel_r5.4	mRNA	RNA-seq	ShortReadArchive_record	total-RNA	Strain_Y cn bw sp;Developmental-Stage_Embryo 6-8h	RNA-seq	0			Dmel_r5.4	modENCODE_2887
2887	Dm embryos, 6-8 hr after egg laying RNA-Seq, multi mappers	SRR023504	SRR023504	Dmel_r5.4	mRNA	RNA-seq	ShortReadArchive_record	total-RNA	Strain_Y cn bw sp;Developmental-Stage_Embryo 6-8h	RNA-seq	0			Dmel_r5.4	modENCODE_2887
2887	Dm embryos, 6-8 hr after egg laying RNA-Seq, multi mappers	SRR027113	SRR027113	Dmel_r5.4	mRNA	RNA-seq	ShortReadArchive_record	total-RNA	Strain_Y cn bw sp;Developmental-Stage_Embryo 6-8h	RNA-seq	0			Dmel_r5.4	modENCODE_2887
2887	Dm embryos, 6-8 hr after egg laying RNA-Seq, multi mappers	SRR035407	SRR035407	Dmel_r5.4	mRNA	RNA-seq	ShortReadArchive_record	total-RNA	Strain_Y cn bw sp;Developmental-Stage_Embryo 6-8h	RNA-seq	0			Dmel_r5.4	modENCODE_2887
2887	Dm embryos, 6-8 hr after egg laying RNA-Seq, multi mappers	SRR024217	SRR024217	Dmel_r5.4	mRNA	RNA-seq	ShortReadArchive_record	total-RNA	Strain_Y cn bw sp;Developmental-Stage_Embryo 6-8h	RNA-seq	0			Dmel_r5.4	modENCODE_2887
2887	Dm embryos, 6-8 hr after egg laying RNA-Seq, multi mappers	SRR023688	SRR023688	Dmel_r5.4	mRNA	RNA-seq	ShortReadArchive_record	total-RNA	Strain_Y cn bw sp;Developmental-Stage_Embryo 6-8h	RNA-seq	0			Dmel_r5.4	modENCODE_2887
2888	Dm embryos, 8-10 hr after egg laying RNA-Seq, multi mappers	SRR023749	SRR023749	Dmel_r5.4	mRNA	RNA-seq	ShortReadArchive_record	total-RNA	Strain_Y cn bw sp;Developmental-Stage_Embryo 8-10h	RNA-seq	0			Dmel_r5.4	modENCODE_2888
2888	Dm embryos, 8-10 hr after egg laying RNA-Seq, multi mappers	SRR024219	SRR024219	Dmel_r5.4	mRNA	RNA-seq	ShortReadArchive_record	total-RNA	Strain_Y cn bw sp;Developmental-Stage_Embryo 8-10h	RNA-seq	0			Dmel_r5.4	modENCODE_2888
2888	Dm embryos, 8-10 hr after egg laying RNA-Seq, multi mappers	SRR023596	SRR023596	Dmel_r5.4	mRNA	RNA-seq	ShortReadArchive_record	total-RNA	Strain_Y cn bw sp;Developmental-Stage_Embryo 8-10h	RNA-seq	0			Dmel_r5.4	modENCODE_2888
2888	Dm embryos, 8-10 hr after egg laying RNA-Seq, multi mappers	SRR023754	SRR023754	Dmel_r5.4	mRNA	RNA-seq	ShortReadArchive_record	total-RNA	Strain_Y cn bw sp;Developmental-Stage_Embryo 8-10h	RNA-seq	0			Dmel_r5.4	modENCODE_2888
2888	Dm embryos, 8-10 hr after egg laying RNA-Seq, multi mappers	SRR023549	SRR023549	Dmel_r5.4	mRNA	RNA-seq	ShortReadArchive_record	total-RNA	Strain_Y cn bw sp;Developmental-Stage_Embryo 8-10h	RNA-seq	0			Dmel_r5.4	modENCODE_2888
2888	Dm embryos, 8-10 hr after egg laying RNA-Seq, multi mappers	SRR023701	SRR023701	Dmel_r5.4	mRNA	RNA-seq	ShortReadArchive_record	total-RNA	Strain_Y cn bw sp;Developmental-Stage_Embryo 8-10h	RNA-seq	0			Dmel_r5.4	modENCODE_2888
2888	Dm embryos, 8-10 hr after egg laying RNA-Seq, multi mappers	SRR023603	SRR023603	Dmel_r5.4	mRNA	RNA-seq	ShortReadArchive_record	total-RNA	Strain_Y cn bw sp;Developmental-Stage_Embryo 8-10h	RNA-seq	0			Dmel_r5.4	modENCODE_2888
2888	Dm embryos, 8-10 hr after egg laying RNA-Seq, multi mappers	SRR023750	SRR023750	Dmel_r5.4	mRNA	RNA-seq	ShortReadArchive_record	total-RNA	Strain_Y cn bw sp;Developmental-Stage_Embryo 8-10h	RNA-seq	0			Dmel_r5.4	modENCODE_2888
2888	Dm embryos, 8-10 hr after egg laying RNA-Seq, multi mappers	SRR023759	SRR023759	Dmel_r5.4	mRNA	RNA-seq	ShortReadArchive_record	total-RNA	Strain_Y cn bw sp;Developmental-Stage_Embryo 8-10h	RNA-seq	0			Dmel_r5.4	modENCODE_2888
2888	Dm embryos, 8-10 hr after egg laying RNA-Seq, multi mappers	SRR035409	SRR035409	Dmel_r5.4	mRNA	RNA-seq	ShortReadArchive_record	total-RNA	Strain_Y cn bw sp;Developmental-Stage_Embryo 8-10h	RNA-seq	0			Dmel_r5.4	modENCODE_2888
2888	Dm embryos, 8-10 hr after egg laying RNA-Seq, multi mappers	SRR023657	SRR023657	Dmel_r5.4	mRNA	RNA-seq	ShortReadArchive_record	total-RNA	Strain_Y cn bw sp;Developmental-Stage_Embryo 8-10h	RNA-seq	0			Dmel_r5.4	modENCODE_2888
2889	Dm embryos, 10-12 hr after egg laying RNA-Seq, multi mappers	SRR024221	SRR024221	Dmel_r5.4	mRNA	RNA-seq	ShortReadArchive_record	total-RNA	Strain_Y cn bw sp;Developmental-Stage_Embryo 10-12h	RNA-seq	0			Dmel_r5.4	modENCODE_2889
2889	Dm embryos, 10-12 hr after egg laying RNA-Seq, multi mappers	SRR023694	SRR023694	Dmel_r5.4	mRNA	RNA-seq	ShortReadArchive_record	total-RNA	Strain_Y cn bw sp;Developmental-Stage_Embryo 10-12h	RNA-seq	0			Dmel_r5.4	modENCODE_2889
2889	Dm embryos, 10-12 hr after egg laying RNA-Seq, multi mappers	SRR035397	SRR035397	Dmel_r5.4	mRNA	RNA-seq	ShortReadArchive_record	total-RNA	Strain_Y cn bw sp;Developmental-Stage_Embryo 10-12h	RNA-seq	0			Dmel_r5.4	modENCODE_2889
2889	Dm embryos, 10-12 hr after egg laying RNA-Seq, multi mappers	SRR035396	SRR035396	Dmel_r5.4	mRNA	RNA-seq	ShortReadArchive_record	total-RNA	Strain_Y cn bw sp;Developmental-Stage_Embryo 10-12h	RNA-seq	0			Dmel_r5.4	modENCODE_2889
2889	Dm embryos, 10-12 hr after egg laying RNA-Seq, multi mappers	SRR023644	SRR023644	Dmel_r5.4	mRNA	RNA-seq	ShortReadArchive_record	total-RNA	Strain_Y cn bw sp;Developmental-Stage_Embryo 10-12h	RNA-seq	0			Dmel_r5.4	modENCODE_2889
2889	Dm embryos, 10-12 hr after egg laying RNA-Seq, multi mappers	SRR023727	SRR023727	Dmel_r5.4	mRNA	RNA-seq	ShortReadArchive_record	total-RNA	Strain_Y cn bw sp;Developmental-Stage_Embryo 10-12h	RNA-seq	0			Dmel_r5.4	modENCODE_2889
2889	Dm embryos, 10-12 hr after egg laying RNA-Seq, multi mappers	SRR023604	SRR023604	Dmel_r5.4	mRNA	RNA-seq	ShortReadArchive_record	total-RNA	Strain_Y cn bw sp;Developmental-Stage_Embryo 10-12h	RNA-seq	0			Dmel_r5.4	modENCODE_2889
2889	Dm embryos, 10-12 hr after egg laying RNA-Seq, multi mappers	SRR024010	SRR024010	Dmel_r5.4	mRNA	RNA-seq	ShortReadArchive_record	total-RNA	Strain_Y cn bw sp;Developmental-Stage_Embryo 10-12h	RNA-seq	0			Dmel_r5.4	modENCODE_2889
2889	Dm embryos, 10-12 hr after egg laying RNA-Seq, multi mappers	SRR023831	SRR023831	Dmel_r5.4	mRNA	RNA-seq	ShortReadArchive_record	total-RNA	Strain_Y cn bw sp;Developmental-Stage_Embryo 10-12h	RNA-seq	0			Dmel_r5.4	modENCODE_2889
2890	Dm embryos, 12-14 hr after egg laying RNA-Seq, multi mappers	SRR023602	SRR023602	Dmel_r5.4	mRNA	RNA-seq	ShortReadArchive_record	total-RNA	Strain_Y cn bw sp;Developmental-Stage_Embryo 12-14h	RNA-seq	0			Dmel_r5.4	modENCODE_2890
2890	Dm embryos, 12-14 hr after egg laying RNA-Seq, multi mappers	SRR035399	SRR035399	Dmel_r5.4	mRNA	RNA-seq	ShortReadArchive_record	total-RNA	Strain_Y cn bw sp;Developmental-Stage_Embryo 12-14h	RNA-seq	0			Dmel_r5.4	modENCODE_2890
2890	Dm embryos, 12-14 hr after egg laying RNA-Seq, multi mappers	SRR023703	SRR023703	Dmel_r5.4	mRNA	RNA-seq	ShortReadArchive_record	total-RNA	Strain_Y cn bw sp;Developmental-Stage_Embryo 12-14h	RNA-seq	0			Dmel_r5.4	modENCODE_2890
2890	Dm embryos, 12-14 hr after egg laying RNA-Seq, multi mappers	SRR024012	SRR024012	Dmel_r5.4	mRNA	RNA-seq	ShortReadArchive_record	total-RNA	Strain_Y cn bw sp;Developmental-Stage_Embryo 12-14h	RNA-seq	0			Dmel_r5.4	modENCODE_2890
2890	Dm embryos, 12-14 hr after egg laying RNA-Seq, multi mappers	SRR023643	SRR023643	Dmel_r5.4	mRNA	RNA-seq	ShortReadArchive_record	total-RNA	Strain_Y cn bw sp;Developmental-Stage_Embryo 12-14h	RNA-seq	0			Dmel_r5.4	modENCODE_2890
2890	Dm embryos, 12-14 hr after egg laying RNA-Seq, multi mappers	SRR035398	SRR035398	Dmel_r5.4	mRNA	RNA-seq	ShortReadArchive_record	total-RNA	Strain_Y cn bw sp;Developmental-Stage_Embryo 12-14h	RNA-seq	0			Dmel_r5.4	modENCODE_2890
2890	Dm embryos, 12-14 hr after egg laying RNA-Seq, multi mappers	SRR023832	SRR023832	Dmel_r5.4	mRNA	RNA-seq	ShortReadArchive_record	total-RNA	Strain_Y cn bw sp;Developmental-Stage_Embryo 12-14h	RNA-seq	0			Dmel_r5.4	modENCODE_2890
2890	Dm embryos, 12-14 hr after egg laying RNA-Seq, multi mappers	SRR023724	SRR023724	Dmel_r5.4	mRNA	RNA-seq	ShortReadArchive_record	total-RNA	Strain_Y cn bw sp;Developmental-Stage_Embryo 12-14h	RNA-seq	0			Dmel_r5.4	modENCODE_2890
2890	Dm embryos, 12-14 hr after egg laying RNA-Seq, multi mappers	SRR035221	SRR035221	Dmel_r5.4	mRNA	RNA-seq	ShortReadArchive_record	total-RNA	Strain_Y cn bw sp;Developmental-Stage_Embryo 12-14h	RNA-seq	0			Dmel_r5.4	modENCODE_2890
2891	Dm embryos, 14-16 hr after egg laying RNA-Seq, multi mappers	SRR023822	SRR023822	Dmel_r5.4	mRNA	RNA-seq	ShortReadArchive_record	total-RNA	Strain_Y cn bw sp;Developmental-Stage_Embryo 14-16h	RNA-seq	0			Dmel_r5.4	modENCODE_2891
2891	Dm embryos, 14-16 hr after egg laying RNA-Seq, multi mappers	SRR035400	SRR035400	Dmel_r5.4	mRNA	RNA-seq	ShortReadArchive_record	total-RNA	Strain_Y cn bw sp;Developmental-Stage_Embryo 14-16h	RNA-seq	0			Dmel_r5.4	modENCODE_2891
2891	Dm embryos, 14-16 hr after egg laying RNA-Seq, multi mappers	SRR023641	SRR023641	Dmel_r5.4	mRNA	RNA-seq	ShortReadArchive_record	total-RNA	Strain_Y cn bw sp;Developmental-Stage_Embryo 14-16h	RNA-seq	0			Dmel_r5.4	modENCODE_2891
2891	Dm embryos, 14-16 hr after egg laying RNA-Seq, multi mappers	SRR023734	SRR023734	Dmel_r5.4	mRNA	RNA-seq	ShortReadArchive_record	total-RNA	Strain_Y cn bw sp;Developmental-Stage_Embryo 14-16h	RNA-seq	0			Dmel_r5.4	modENCODE_2891
2891	Dm embryos, 14-16 hr after egg laying RNA-Seq, multi mappers	SRR023736	SRR023736	Dmel_r5.4	mRNA	RNA-seq	ShortReadArchive_record	total-RNA	Strain_Y cn bw sp;Developmental-Stage_Embryo 14-16h	RNA-seq	0			Dmel_r5.4	modENCODE_2891
2891	Dm embryos, 14-16 hr after egg laying RNA-Seq, multi mappers	SRR035401	SRR035401	Dmel_r5.4	mRNA	RNA-seq	ShortReadArchive_record	total-RNA	Strain_Y cn bw sp;Developmental-Stage_Embryo 14-16h	RNA-seq	0			Dmel_r5.4	modENCODE_2891
2891	Dm embryos, 14-16 hr after egg laying RNA-Seq, multi mappers	SRR023540	SRR023540	Dmel_r5.4	mRNA	RNA-seq	ShortReadArchive_record	total-RNA	Strain_Y cn bw sp;Developmental-Stage_Embryo 14-16h	RNA-seq	0			Dmel_r5.4	modENCODE_2891
2891	Dm embryos, 14-16 hr after egg laying RNA-Seq, multi mappers	SRR024011	SRR024011	Dmel_r5.4	mRNA	RNA-seq	ShortReadArchive_record	total-RNA	Strain_Y cn bw sp;Developmental-Stage_Embryo 14-16h	RNA-seq	0			Dmel_r5.4	modENCODE_2891
2891	Dm embryos, 14-16 hr after egg laying RNA-Seq, multi mappers	SRR023725	SRR023725	Dmel_r5.4	mRNA	RNA-seq	ShortReadArchive_record	total-RNA	Strain_Y cn bw sp;Developmental-Stage_Embryo 14-16h	RNA-seq	0			Dmel_r5.4	modENCODE_2891
2892	Dm embryos, 16-18 hr after egg laying RNA-Seq, multi mappers	SRR023707	SRR023707	Dmel_r5.4	mRNA	RNA-seq	ShortReadArchive_record	total-RNA	Strain_Y cn bw sp;Developmental-Stage_Embryo 16-18h	RNA-seq	0			Dmel_r5.4	modENCODE_2892
2892	Dm embryos, 16-18 hr after egg laying RNA-Seq, multi mappers	SRR023751	SRR023751	Dmel_r5.4	mRNA	RNA-seq	ShortReadArchive_record	total-RNA	Strain_Y cn bw sp;Developmental-Stage_Embryo 16-18h	RNA-seq	0			Dmel_r5.4	modENCODE_2892
2892	Dm embryos, 16-18 hr after egg laying RNA-Seq, multi mappers	SRR023720	SRR023720	Dmel_r5.4	mRNA	RNA-seq	ShortReadArchive_record	total-RNA	Strain_Y cn bw sp;Developmental-Stage_Embryo 16-18h	RNA-seq	0			Dmel_r5.4	modENCODE_2892
2892	Dm embryos, 16-18 hr after egg laying RNA-Seq, multi mappers	SRR023600	SRR023600	Dmel_r5.4	mRNA	RNA-seq	ShortReadArchive_record	total-RNA	Strain_Y cn bw sp;Developmental-Stage_Embryo 16-18h	RNA-seq	0			Dmel_r5.4	modENCODE_2892
2892	Dm embryos, 16-18 hr after egg laying RNA-Seq, multi mappers	SRR023715	SRR023715	Dmel_r5.4	mRNA	RNA-seq	ShortReadArchive_record	total-RNA	Strain_Y cn bw sp;Developmental-Stage_Embryo 16-18h	RNA-seq	0			Dmel_r5.4	modENCODE_2892
2892	Dm embryos, 16-18 hr after egg laying RNA-Seq, multi mappers	SRR023826	SRR023826	Dmel_r5.4	mRNA	RNA-seq	ShortReadArchive_record	total-RNA	Strain_Y cn bw sp;Developmental-Stage_Embryo 16-18h	RNA-seq	0			Dmel_r5.4	modENCODE_2892
2892	Dm embryos, 16-18 hr after egg laying RNA-Seq, multi mappers	SRR035402	SRR035402	Dmel_r5.4	mRNA	RNA-seq	ShortReadArchive_record	total-RNA	Strain_Y cn bw sp;Developmental-Stage_Embryo 16-18h	RNA-seq	0			Dmel_r5.4	modENCODE_2892
2893	Dm embryos, 18-20 hr after egg laying RNA-Seq, multi mappers	SRR024215	SRR024215	Dmel_r5.4	mRNA	RNA-seq	ShortReadArchive_record	total-RNA	Strain_Y cn bw sp;Developmental-Stage_Embryo 18-20h	RNA-seq	0			Dmel_r5.4	modENCODE_2893
2893	Dm embryos, 18-20 hr after egg laying RNA-Seq, multi mappers	SRR023673	SRR023673	Dmel_r5.4	mRNA	RNA-seq	ShortReadArchive_record	total-RNA	Strain_Y cn bw sp;Developmental-Stage_Embryo 18-20h	RNA-seq	0			Dmel_r5.4	modENCODE_2893
2893	Dm embryos, 18-20 hr after egg laying RNA-Seq, multi mappers	SRR023686	SRR023686	Dmel_r5.4	mRNA	RNA-seq	ShortReadArchive_record	total-RNA	Strain_Y cn bw sp;Developmental-Stage_Embryo 18-20h	RNA-seq	0			Dmel_r5.4	modENCODE_2893
2893	Dm embryos, 18-20 hr after egg laying RNA-Seq, multi mappers	SRR023503	SRR023503	Dmel_r5.4	mRNA	RNA-seq	ShortReadArchive_record	total-RNA	Strain_Y cn bw sp;Developmental-Stage_Embryo 18-20h	RNA-seq	0			Dmel_r5.4	modENCODE_2893
2893	Dm embryos, 18-20 hr after egg laying RNA-Seq, multi mappers	SRR023699	SRR023699	Dmel_r5.4	mRNA	RNA-seq	ShortReadArchive_record	total-RNA	Strain_Y cn bw sp;Developmental-Stage_Embryo 18-20h	RNA-seq	0			Dmel_r5.4	modENCODE_2893
2893	Dm embryos, 18-20 hr after egg laying RNA-Seq, multi mappers	SRR035222	SRR035222	Dmel_r5.4	mRNA	RNA-seq	ShortReadArchive_record	total-RNA	Strain_Y cn bw sp;Developmental-Stage_Embryo 18-20h	RNA-seq	0			Dmel_r5.4	modENCODE_2893
2893	Dm embryos, 18-20 hr after egg laying RNA-Seq, multi mappers	SRR027114	SRR027114	Dmel_r5.4	mRNA	RNA-seq	ShortReadArchive_record	total-RNA	Strain_Y cn bw sp;Developmental-Stage_Embryo 18-20h	RNA-seq	0			Dmel_r5.4	modENCODE_2893
2893	Dm embryos, 18-20 hr after egg laying RNA-Seq, multi mappers	SRR023700	SRR023700	Dmel_r5.4	mRNA	RNA-seq	ShortReadArchive_record	total-RNA	Strain_Y cn bw sp;Developmental-Stage_Embryo 18-20h	RNA-seq	0			Dmel_r5.4	modENCODE_2893
2893	Dm embryos, 18-20 hr after egg laying RNA-Seq, multi mappers	SRR023599	SRR023599	Dmel_r5.4	mRNA	RNA-seq	ShortReadArchive_record	total-RNA	Strain_Y cn bw sp;Developmental-Stage_Embryo 18-20h	RNA-seq	0			Dmel_r5.4	modENCODE_2893
2893	Dm embryos, 18-20 hr after egg laying RNA-Seq, multi mappers	SRR035403	SRR035403	Dmel_r5.4	mRNA	RNA-seq	ShortReadArchive_record	total-RNA	Strain_Y cn bw sp;Developmental-Stage_Embryo 18-20h	RNA-seq	0			Dmel_r5.4	modENCODE_2893
2893	Dm embryos, 18-20 hr after egg laying RNA-Seq, multi mappers	SRR023682	SRR023682	Dmel_r5.4	mRNA	RNA-seq	ShortReadArchive_record	total-RNA	Strain_Y cn bw sp;Developmental-Stage_Embryo 18-20h	RNA-seq	0			Dmel_r5.4	modENCODE_2893
2894	Dm embryos, 20-22 hr after egg laying RNA-Seq, multi mappers	SRR023684	SRR023684	Dmel_r5.4	mRNA	RNA-seq	ShortReadArchive_record	total-RNA	Strain_Y cn bw sp;Developmental-Stage_Embryo 20-22h	RNA-seq	0			Dmel_r5.4	modENCODE_2894
2894	Dm embryos, 20-22 hr after egg laying RNA-Seq, multi mappers	SRR023728	SRR023728	Dmel_r5.4	mRNA	RNA-seq	ShortReadArchive_record	total-RNA	Strain_Y cn bw sp;Developmental-Stage_Embryo 20-22h	RNA-seq	0			Dmel_r5.4	modENCODE_2894
2894	Dm embryos, 20-22 hr after egg laying RNA-Seq, multi mappers	SRR023718	SRR023718	Dmel_r5.4	mRNA	RNA-seq	ShortReadArchive_record	total-RNA	Strain_Y cn bw sp;Developmental-Stage_Embryo 20-22h	RNA-seq	0			Dmel_r5.4	modENCODE_2894
2894	Dm embryos, 20-22 hr after egg laying RNA-Seq, multi mappers	SRR027109	SRR027109	Dmel_r5.4	mRNA	RNA-seq	ShortReadArchive_record	total-RNA	Strain_Y cn bw sp;Developmental-Stage_Embryo 20-22h	RNA-seq	0			Dmel_r5.4	modENCODE_2894
2894	Dm embryos, 20-22 hr after egg laying RNA-Seq, multi mappers	SRR023665	SRR023665	Dmel_r5.4	mRNA	RNA-seq	ShortReadArchive_record	total-RNA	Strain_Y cn bw sp;Developmental-Stage_Embryo 20-22h	RNA-seq	0			Dmel_r5.4	modENCODE_2894
2894	Dm embryos, 20-22 hr after egg laying RNA-Seq, multi mappers	SRR023506	SRR023506	Dmel_r5.4	mRNA	RNA-seq	ShortReadArchive_record	total-RNA	Strain_Y cn bw sp;Developmental-Stage_Embryo 20-22h	RNA-seq	0			Dmel_r5.4	modENCODE_2894
2895	Dm embryos, 22-24 hr after egg laying RNA-Seq, multi mappers	SRR023711	SRR023711	Dmel_r5.4	mRNA	RNA-seq	ShortReadArchive_record	total-RNA	Strain_Y cn bw sp;Developmental-Stage_Embryo 22-24hSC	RNA-seq	0			Dmel_r5.4	modENCODE_2895
2895	Dm embryos, 22-24 hr after egg laying RNA-Seq, multi mappers	SRR023834	SRR023834	Dmel_r5.4	mRNA	RNA-seq	ShortReadArchive_record	total-RNA	Strain_Y cn bw sp;Developmental-Stage_Embryo 22-24hSC	RNA-seq	0			Dmel_r5.4	modENCODE_2895
2895	Dm embryos, 22-24 hr after egg laying RNA-Seq, multi mappers	SRR035404	SRR035404	Dmel_r5.4	mRNA	RNA-seq	ShortReadArchive_record	total-RNA	Strain_Y cn bw sp;Developmental-Stage_Embryo 22-24hSC	RNA-seq	0			Dmel_r5.4	modENCODE_2895
2895	Dm embryos, 22-24 hr after egg laying RNA-Seq, multi mappers	SRR023685	SRR023685	Dmel_r5.4	mRNA	RNA-seq	ShortReadArchive_record	total-RNA	Strain_Y cn bw sp;Developmental-Stage_Embryo 22-24hSC	RNA-seq	0			Dmel_r5.4	modENCODE_2895
2895	Dm embryos, 22-24 hr after egg laying RNA-Seq, multi mappers	SRR023538	SRR023538	Dmel_r5.4	mRNA	RNA-seq	ShortReadArchive_record	total-RNA	Strain_Y cn bw sp;Developmental-Stage_Embryo 22-24hSC	RNA-seq	0			Dmel_r5.4	modENCODE_2895
2895	Dm embryos, 22-24 hr after egg laying RNA-Seq, multi mappers	SRR024015	SRR024015	Dmel_r5.4	mRNA	RNA-seq	ShortReadArchive_record	total-RNA	Strain_Y cn bw sp;Developmental-Stage_Embryo 22-24hSC	RNA-seq	0			Dmel_r5.4	modENCODE_2895
2895	Dm embryos, 22-24 hr after egg laying RNA-Seq, multi mappers	SRR023733	SRR023733	Dmel_r5.4	mRNA	RNA-seq	ShortReadArchive_record	total-RNA	Strain_Y cn bw sp;Developmental-Stage_Embryo 22-24hSC	RNA-seq	0			Dmel_r5.4	modENCODE_2895
