DMG1 gene models	Celniker	Brent	Computational annotation	gene model			COMPUTATIONAL ANNOTATION		Drosophila melanogaster					2008-03-27	2009-03-04	replaced	35 superseded by 2675		transcript_clusters/dm2_run1.gff3, models/DMG1.gff3
DMG2 gene models	Celniker	Brent	Computational annotation	gene model			COMPUTATIONAL ANNOTATION		Drosophila arizonae, Drosophila sp., Drosophila simulans, Drosophila melanogaster					2008-04-23	2009-03-04	replaced	36 superseded by 2675		transcript_clusters/dm3_run2.gff3, models/DMG2.gff3
DMG4 gene models	Celniker	Brent	Computational annotation	gene model			COMPUTATIONAL ANNOTATION		Drosophila simulans, Drosophila arizonae, Drosophila sp., Drosophila melanogaster					2008-06-26	2009-03-05	replaced	37 superseded by 2675		transcript_clusters/dm3_run4.gff3, models/DMG4.gff3
Lai_GSM240749	Lai	Lai	RNA-seq	RNA profiling		Version=2;RNAsize=<200bp	1		Drosophila melanogaster		Canton-S	adult head	adult: adult stage	2009-09-17	2008-06-13	replaced	74 deprecated by 737	GSM240749	
Lai_GSM272653	Lai	Lai	RNA-seq	RNA profiling		Version=2;RNAsize=<200bp	1		Drosophila melanogaster	Kc167				2009-09-17	2008-06-13	replaced	75 deprecated by 738	GSM272653	
Lai_GSM286602	Lai	Lai	RNA-seq	RNA profiling		Version=2;RNAsize=<200bp	1		Drosophila melanogaster		Canton-S	abdomen, thorax	adult: adult stage	2009-09-17	2009-03-31	replaced	76 deprecated by 739	GSM286602	
Lai_GSM286605	Lai	Lai	RNA-seq	RNA profiling		Version=2;RNAsize=<200bp	1		Drosophila melanogaster		Canton-S	whole organism	embryo: embryonic stage	2009-09-17	2009-06-12	replaced	77 deprecated by 740	GSM286605	
Lai_GSM286611	Lai	Lai	RNA-seq	RNA profiling		Version=3;RNAsize=<200bp	1		Drosophila melanogaster		Canton-S	whole organism	embryo: embryonic stage 11-13	2009-09-17	2009-04-08	replaced	78 deprecated by 517	GSM286611	
Lai_GSM272651	Lai	Lai	RNA-seq	RNA profiling		Version=2	2		Drosophila melanogaster	mixed: S2-DRSC, Kc167				2009-09-17	2010-02-15	replaced	79 deprecated by 741	GSM272651	
Lai_GSM275691	Lai	Lai	RNA-seq	RNA profiling		Version=2;RNAsize=<200bp	1		Drosophila melanogaster		Canton-S	imaginal disc	adult: adult stage	2009-09-17	2009-12-23	replaced	80 deprecated by 742	GSM275691	
Lai_GSM286603	Lai	Lai	RNA-seq	RNA profiling		Version=2;RNAsize=<200bp	1		Drosophila melanogaster		Canton-S	whole organism	adult: adult stage	2009-09-17	2009-03-02	replaced	81 deprecated by 743	GSM286603	
Lai_GSM286606	Lai	Lai	RNA-seq	RNA profiling		Version=2;RNAsize=<200bp	1		Drosophila melanogaster		Canton-S	whole organism	embryo: embryonic stage	2009-09-17	2009-04-03	replaced	82 deprecated by 752	GSM286606	
Lai_GSM286613	Lai	Lai	RNA-seq	RNA profiling		Version=2;RNAsize=<200bp	1		Drosophila melanogaster		Canton-S	whole organism	embryo: embryonic stage	2009-09-17	2010-10-15	replaced	83 deprecated by 745	GSM286613	
Lai_GSM272652	Lai	Lai	RNA-seq	RNA profiling		Version=2;RNAsize=<200bp	1		Drosophila melanogaster	S2-DRSC				2009-09-17	2009-03-09	replaced	84 deprecated by 746	GSM272652	
Lai_GSM286601	Lai	Lai	RNA-seq	RNA profiling		Version=2;RNAsize=<200bp	1		Drosophila melanogaster		Canton-S	adult head	adult: adult stage	2009-09-17	2009-06-16	replaced	85 deprecated by 747	GSM286601	
Lai_GSM286607	Lai	Lai	RNA-seq	RNA profiling		Version=3;RNAsize=<200bp	1		Drosophila melanogaster		Canton-S	whole organism	embryo: embryonic stage 11-13	2009-09-17	2009-04-03	replaced	87 deprecated by 518	GSM286607	
Lai_GSM286604	Lai	Lai	RNA-seq	RNA profiling		Version=3;RNAsize=<200bp	1		Drosophila melanogaster		Canton-S	whole organism	embryo: embryonic stage	2009-09-17	2009-04-06	replaced	91 deprecated by 519	GSM286604	
Dm_y[1]cn[1] bw[1] sp[1]_embryo_6-8h_TotalRNA_p200_230-232_38bp	Celniker	Gingeras	tiling array: RNA	transcription		Array=38bp;ArrayPlatform=Affymetrix;Version=2;RNAsize=>200bp	2		Drosophila melanogaster		y; cn bw sp	whole organism	embryo: extended germ band stage, late extended germ band stage, embryonic stage 11-12	2009-09-17	2009-03-02	replaced	92 deprecated by 763	GSE23230, GSM571126, GSM571127	Dro2_AS_Dm_emb_8h_760.gff
MB5	Celniker	Brent	Computational annotation	gene model			COMPUTATIONAL ANNOTATION		Drosophila sp., Drosophila melanogaster					2008-09-01	2009-03-17	replaced	146 superseded by 2675		transcript_clusters/dm3_run8.gff3, models/MB05.gff3
DMG3	Celniker	Brent	Computational annotation	gene model			COMPUTATIONAL ANNOTATION		Drosophila sp., Drosophila arizonae, Drosophila simulans, Drosophila melanogaster					2009-02-09	2009-03-17	replaced	266 superseded by 2675		transcript_clusters/dm3_run2.gff3, models/DMG3.gff3
mid_L2_20dC_14hrs_post_L1	Waterston	Waterston	RNA-seq	RNA profiling			2		Caenorhabditis elegans		N2	whole organism	larva: L2 larva	2009-03-05	2011-08-31	replaced	333 deprecated by 642	SRR006511, SRR006512, SRR006513, SRR125337, SRR125338, SRR125339	
Young_Adult_25dC_46hrs_post-L1 RNAseq	Waterston	Waterston	RNA-seq	RNA profiling			2		Caenorhabditis elegans		N2	whole organism	larva: newly molted young adult hermaphrodite	2009-03-09	2011-09-01	replaced	433 deprecated by 2354	SRR006514, SRR006515, SRR006516, SRR125481, SRR125482	
Salt_Extracted_Pellet	Henikoff	Henikoff	ChIP-chip	chromatin		SaltConcentration=600mM ;Array=65bp;ArrayPlatform=Nimblegen	3		Drosophila melanogaster	S2				2009-03-16	2009-03-22	replaced	444 deprecated by 2502	GSM333864	
Reinke_L1	Waterston	Reinke	tiling array: RNA	transcription		DNAseTreatment=no;Array=25bp;ArrayPlatform=Affymetrix;Version=2	1		Caenorhabditis elegans		N2	whole organism	larva: L1 larva	2009-09-23	2009-03-24	replaced	480 deprecated by 484	GSE23270, GSM571490, GSM571491, GSM571492	L1-NDT_tars_maxgap30_minrun100_thresh7.64.gff3
Reinke_JKL4	Waterston	Reinke	tiling array: RNA	transcription		DNAseTreatment=no;Array=25bp;ArrayPlatform=Affymetrix;Version=2	1		Caenorhabditis elegans		JK1107	whole organism	larva: L4 larva	2009-09-23	2009-03-24	replaced	482 deprecated by 485	GSE23271, GSM571493, GSM571494, GSM571495	JKL4-NDT_tars_maxgap30_minrun100_thresh5.39.gff3
S2_DRSC_PE_RNA_Seq	Celniker	Graveley	RNA-seq	RNA profiling		Version=2	2		Drosophila melanogaster	S2-DRSC				2009-09-17	2009-07-15	replaced	512 deprecated by 650	GSM390063	
Lai_GSM286611	Lai	Lai	RNA-seq	RNA profiling		Version=2;RNAsize=<200bp	1		Drosophila melanogaster		Canton-S	whole organism	embryo: embryonic stage 11-13	2009-09-17	2009-04-08	replaced	517 deprecated by 753	GSM286611	
Lai_GSM286607	Lai	Lai	RNA-seq	RNA profiling		Version=2;RNAsize=<200bp	1		Drosophila melanogaster		Canton-S	whole organism	embryo: embryonic stage 11-13	2009-09-17	2009-04-03	replaced	518 deprecated by 754	GSM286607	
Lai_GSM286604	Lai	Lai	RNA-seq	RNA profiling		Version=2;RNAsize=<200bp	1		Drosophila melanogaster		Canton-S	whole organism	embryo: embryonic stage	2009-09-17	2009-04-06	replaced	519 deprecated by 755	GSM286604	
Lai_GSM280085_adult_testes	Lai	Hannon	RNA-seq	RNA profiling		Version=2;RNAsize=<200bp	1		Drosophila melanogaster		Oregon-R-modENCODE	testis	adult: adult stage	2009-09-17	2009-09-29	replaced	530 deprecated by 772	GSM280085	
80mM_Salt_Extracted_Chromatin	Henikoff	Henikoff	ChIP-chip	chromatin		SaltConcentration=80mM ;Array=65bp;ArrayPlatform=Nimblegen	10		Drosophila melanogaster	mixed: S2, S2-DRSC				2009-04-27	2009-05-03	replaced	536 deprecated by 2517	GSM333846	
80-150_mM_Salt_Extracted_Chromatin	Henikoff	Henikoff	ChIP-chip	chromatin		SaltConcentration=150mM ;Array=65bp;ArrayPlatform=Nimblegen	3		Drosophila melanogaster	mixed: S2, S2-DRSC				2009-06-08	2009-06-16	replaced	598 deprecated by 2521	GSM333859	
mid-L2 20dC 14hrs post-L1 RNASeq	Waterston	Waterston	RNA-seq	RNA profiling		Version=2	2		Caenorhabditis elegans		N2	whole organism	larva: L2 larva	2009-09-17	2011-08-31	replaced	642 deprecated by 2351	SRR006511, SRR006512, SRR006513, SRR125337, SRR125338, SRR125339	
CGH Salivary Y cn bw sp	MacAlpine	Orr-Weaver	tiling array: DNA	copy number variation		Array=470bp;ArrayPlatform=Agilent	2		Drosophila melanogaster		y; cn bw sp	larval salivary gland	embryo: cleavage stage, early extended germ band stage, embryonic stage, pre-blastoderm stage, embryonic stage 1-9	2009-07-17	2009-07-17	replaced	720 deprecated by 2383	GSE17288, GSM432735	salivary_244_trough_peaks.gff
CGH Follicle OregonR-mod	MacAlpine	Orr-Weaver	tiling array: DNA	copy number variation		Array=470bp;ArrayPlatform=Agilent	4		Drosophila melanogaster		Oregon-R-modENCODE	oocyte associated follicle cell	embryo: cleavage stage, early extended germ band stage, embryonic stage, pre-blastoderm stage, embryonic stage 1-9	2009-07-20	2009-07-20	replaced	727 deprecated by 2384		follicle_244_peaks.gff
CGH Follicle Cells Orr-Weaver	MacAlpine	Orr-Weaver	tiling array: DNA	copy number variation		Array=616;ArrayPlatform=Agilent	2		Drosophila melanogaster		Oregon-R_Orr-Weaver	oocyte associated follicle cell	embryo: cleavage stage, early extended germ band stage, embryonic stage, pre-blastoderm stage, embryonic stage 1-9	2009-07-20	2009-07-20	replaced	728 deprecated by 2385		follicle_188_peaks.gff
CGH Salivary OregonR-Orr-Weaver	MacAlpine	Orr-Weaver	tiling array: DNA	copy number variation		Array=616;ArrayPlatform=Agilent	4		Drosophila melanogaster		Oregon-R_Orr-Weaver	larval salivary gland	embryo: cleavage stage, early extended germ band stage, embryonic stage, pre-blastoderm stage, embryonic stage 1-9	2009-07-20	2009-07-20	replaced	729 deprecated by 2386		salivary_188_trough_peaks.gff
MB7 gene models	Celniker	Brent	Computational annotation	gene model			COMPUTATIONAL ANNOTATION		Drosophila melanogaster					2009-08-03	2009-08-20	replaced	744 superseded by 2675		models/MB07.gff3, transcript_clusters/dm3_run11.gff3
Lai_GSM280082	Lai	Lai	RNA-seq	RNA profiling		Version=2;RNAsize=<200bp	1		Drosophila melanogaster		y; cn bw sp	ovary	adult: adult stage	2009-03-06	2009-09-29	replaced	756 deprecated by 773	GSM280082	
BRE1_Q2539.S2	Karpen	Kuroda	ChIP-chip	chromatin		Target=Bre1;AbName=BRE1_Q2539;Array=38bp;ArrayPlatform=Affymetrix	1		Drosophila melanogaster	S2-DRSC				2009-09-04	2009-10-12	replaced	923 deprecated by 0	GSE20813, GSM520999, GSM521000, GSM521001, GSM521002	repset.5013881.smoothedM.clusters.gff3
H3K9me2-Ab2 (new lot).2-4 hr OR embryo	Karpen	Elgin	ChIP-chip	chromatin modification		Target=H3K9Me2;AbName=H3K9Me2;Array=38bp;ArrayPlatform=Affymetrix	1		Drosophila melanogaster		Oregon-R-modENCODE	whole organism	embryo: early extended germ band stage, embryonic stage, embryonic stage 5-9	2009-09-04	2009-10-13	replaced	936 superseded by 2662	GSE25359, GSM624620, GSM624621, GSM624622, GSM624623	repset.4162511.smoothedM.clusters.gff3
RNAi Untreated (control) S2-DRSC RNA-Seq Bowtie	Celniker	Graveley	RNA-seq, RNAi	RNA profiling			1		Drosophila melanogaster	S2-DRSC				2009-09-04	2009-09-28	replaced	983 deprecated by 3633	GSM461176	
RNAi CG10128 S2-DRSC RNA-Seq Bowtie	Celniker	Graveley	RNA-seq, RNAi	RNA profiling			1	RNAiTarget=tra2	Drosophila melanogaster	S2-DRSC				2009-09-14	2009-09-28	replaced	1011 deprecated by 3089	GSM461201	
RNAi CG10203 S2-DRSC RNA-Seq Bowtie	Celniker	Graveley	RNA-seq, RNAi	RNA profiling			1	RNAiTarget=xl6	Drosophila melanogaster	S2-DRSC				2009-09-14	2009-09-28	replaced	1012 deprecated by 3101	GSM461195	
RNAi CG10851 S2-DRSC RNA-Seq Bowtie	Celniker	Graveley	RNA-seq, RNAi	RNA profiling			1	RNAiTarget=B52	Drosophila melanogaster	S2-DRSC				2009-09-14	2009-09-28	replaced	1013 deprecated by 3124	GSM461198	
RNAi CG12749 S2-DRSC RNA-Seq Bowtie	Celniker	Graveley	RNA-seq, RNAi	RNA profiling			1	RNAiTarget=Hrb87F	Drosophila melanogaster	S2-DRSC				2009-09-14	2009-09-28	replaced	1014 deprecated by 3142	GSM461187	
RNAi CG13425 S2-DRSC RNA-Seq Bowtie	Celniker	Graveley	RNA-seq, RNAi	RNA profiling			1	RNAiTarget=bl	Drosophila melanogaster	S2-DRSC				2009-09-14	2009-09-28	replaced	1015 deprecated by 3112	GSM461190	
RNAi CG1559 S2-DRSC RNA-Seq Bowtie	Celniker	Graveley	RNA-seq, RNAi	RNA profiling			1	RNAiTarget=Upf1	Drosophila melanogaster	S2-DRSC				2009-09-14	2009-09-28	replaced	1016 deprecated by 3129	GSM461204	
RNAi CG16901 S2-DRSC RNA-Seq Bowtie	Celniker	Graveley	RNA-seq, RNAi	RNA profiling			1	RNAiTarget=sqd	Drosophila melanogaster	S2-DRSC				2009-09-14	2009-09-28	replaced	1017 deprecated by 3111	GSM461189	
RNAi CG17136 S2-DRSC RNA-Seq Bowtie	Celniker	Graveley	RNA-seq, RNAi	RNA profiling			1	RNAiTarget=Rbp1	Drosophila melanogaster	S2-DRSC				2009-09-14	2009-09-28	replaced	1018 deprecated by 3137	GSM461196	
RNAi CG17838 S2-DRSC RNA-Seq Bowtie	Celniker	Graveley	RNA-seq, RNAi	RNA profiling			1	RNAiTarget=CG17838	Drosophila melanogaster	S2-DRSC				2009-09-14	2009-09-28	replaced	1019 deprecated by 3099	GSM461188	
RNAi CG18426 S2-DRSC RNA-Seq Bowtie	Celniker	Graveley	RNA-seq, RNAi	RNA profiling			1	RNAiTarget=ytr	Drosophila melanogaster	S2-DRSC				2009-09-14	2009-09-28	replaced	1020 deprecated by 3141	GSM461199	
RNAi CG1987 S2-DRSC RNA-Seq Bowtie	Celniker	Graveley	RNA-seq, RNAi	RNA profiling			1	RNAiTarget=Rbp1-like	Drosophila melanogaster	S2-DRSC				2009-09-14	2009-09-28	replaced	1021 deprecated by 3133	GSM461194	
RNAi CG30122 S2-DRSC RNA-Seq Bowtie	Celniker	Graveley	RNA-seq, RNAi	RNA profiling			1	RNAiTarget=CG30122	Drosophila melanogaster	S2-DRSC				2009-09-14	2009-09-28	replaced	1022 deprecated by 3117	GSM461191	
RNAi CG31000 S2-DRSC RNA-Seq Bowtie	Celniker	Graveley	RNA-seq, RNAi	RNA profiling			1	RNAiTarget=heph	Drosophila melanogaster	S2-DRSC				2009-09-14	2009-09-14	replaced	1023 deprecated by 3136	GSM461202	
RNAi CG3249 S2-DRSC RNA-Seq Bowtie	Celniker	Graveley	RNA-seq, RNAi	RNA profiling			1	RNAiTarget=yu	Drosophila melanogaster	S2-DRSC				2009-09-14	2009-09-28	replaced	1024 deprecated by 3145	GSM461207	
RNAi CG4602 S2-DRSC RNA-Seq Bowtie	Celniker	Graveley	RNA-seq, RNAi	RNA profiling			1	RNAiTarget=Srp54	Drosophila melanogaster	S2-DRSC				2009-09-14	2009-09-28	replaced	1025 deprecated by 3105	GSM461192	
RNAi CG5099 S2-DRSC RNA-Seq Bowtie	Celniker	Graveley	RNA-seq, RNAi	RNA profiling			1	RNAiTarget=msi	Drosophila melanogaster	S2-DRSC				2009-09-14	2009-09-28	replaced	1026 deprecated by 3125	GSM461185	
RNAi CG5442 S2-DRSC RNA-Seq Bowtie	Celniker	Graveley	RNA-seq, RNAi	RNA profiling			1	RNAiTarget=SC35	Drosophila melanogaster	S2-DRSC				2009-09-14	2009-09-28	replaced	1027 deprecated by 3135	GSM461197	
RNAi CG5655 S2-DRSC RNA-Seq Bowtie	Celniker	Graveley	RNA-seq, RNAi	RNA profiling			1	RNAiTarget=Rsf1	Drosophila melanogaster	S2-DRSC				2009-09-14	2009-09-28	replaced	1028 deprecated by 3096	GSM461193	
RNAi CG5821 S2-DRSC RNA-Seq Bowtie	Celniker	Graveley	RNA-seq, RNAi	RNA profiling			1	RNAiTarget=qkr58E-2	Drosophila melanogaster	S2-DRSC				2009-09-14	2009-09-28	replaced	1029 deprecated by 3103	GSM461205	
RNAi CG5836 S2-DRSC RNA-Seq Bowtie	Celniker	Graveley	RNA-seq, RNAi	RNA profiling			1	RNAiTarget=SF1	Drosophila melanogaster	S2-DRSC				2009-09-14	2009-09-28	replaced	1030 deprecated by 3144	GSM461206	
RNAi CG6946 S2-DRSC RNA-Seq Bowtie	Celniker	Graveley	RNA-seq, RNAi	RNA profiling			1	RNAiTarget=glo	Drosophila melanogaster	S2-DRSC				2009-09-14	2009-09-14	replaced	1031 deprecated by 3132	GSM461183	
RNAi CG7437 S2-DRSC RNA-Seq Bowtie	Celniker	Graveley	RNA-seq, RNAi	RNA profiling			1	RNAiTarget=mub	Drosophila melanogaster	S2-DRSC				2009-09-14	2009-09-28	replaced	1032 deprecated by 3093	GSM461203	
RNAi CG7878 S2-DRSC RNA-Seq Bowtie	Celniker	Graveley	RNA-seq, RNAi	RNA profiling			1	RNAiTarget=CG7878	Drosophila melanogaster	S2-DRSC				2009-09-14	2009-09-28	replaced	1033 deprecated by 3143	GSM461209	
RNAi CG7971 S2-DRSC RNA-Seq Bowtie	Celniker	Graveley	RNA-seq, RNAi	RNA profiling			1	RNAiTarget=CG7971	Drosophila melanogaster	S2-DRSC				2009-09-14	2009-09-28	replaced	1034 deprecated by 3120	GSM461200	
Lai_MLDmD20c5/BS16	Lai	Lai	RNA-seq	RNA profiling		RNAsize=<200bp	1		Drosophila melanogaster	ML-DmD20-c5				2010-02-03	2010-02-04	replaced	2002 deprecated by 3310	GSE24298, GSM609217	
Lai_Sg4/BS35	Lai	Lai	RNA-seq	RNA profiling			1		Drosophila melanogaster	Sg4				2010-02-04	2010-02-04	replaced	2003 deprecated by 3506	GSE24299, GSM609218	
Lai_GM2cell/BS32	Lai	Lai	RNA-seq	RNA profiling		RNAsize=<200bp	1		Drosophila melanogaster	GM2				2009-09-17	2010-02-11	replaced	2004 deprecated by 3307	GSE24300, GSM609219	
Lai_ML-DmBG1c1/BS176	Lai	Lai	RNA-seq	RNA profiling			1		Drosophila melanogaster	ML-DmBG1-c1				2010-02-08	2010-02-08	replaced	2007 deprecated by 3508	GSE24303, GSM609222	
150_mM_Salt_Extracted_Chromatin	Henikoff	Henikoff	ChIP-chip	chromatin		SaltConcentration=150mM ;Array=65bp;ArrayPlatform=Nimblegen	3		Drosophila melanogaster	S2				2009-09-18	2009-10-16	replaced	2014 deprecated by 2503	GSM333836	
H2Av_EDTA	Henikoff	Henikoff	ChIP-chip	chromatin		SaltConcentration=15mM ;Array=65bp;ArrayPlatform=Nimblegen	3		Drosophila melanogaster	S2				2009-09-18	2009-10-16	replaced	2015 deprecated by 2504	GSM333849	
H2A_EDTA	Henikoff	Henikoff	ChIP-chip	chromatin		SaltConcentration=15mM ;Array=65bp;ArrayPlatform=Nimblegen	3		Drosophila melanogaster	S2				2009-09-18	2009-10-16	replaced	2016 deprecated by 2505	GSM333848	
80-600_mM_Salt_Extracted_Chromatin	Henikoff	Henikoff	ChIP-chip	chromatin		SaltConcentration=600mM ;Array=65bp;ArrayPlatform=Nimblegen	2		Drosophila melanogaster	S2				2009-09-18	2009-10-16	replaced	2017 deprecated by 2523	GSM333852	
Mononucleosomes_S2	Henikoff	Henikoff	ChIP-chip	chromatin		SaltConcentration=15mM ;Array=65bp;ArrayPlatform=Nimblegen	2		Drosophila melanogaster	S2				2009-09-18	2009-10-16	replaced	2018 deprecated by 2528	GSM333837	
150-600_mM_Salt_Extracted_Chromatin	Henikoff	Henikoff	ChIP-chip	chromatin		SaltConcentration=600mM ;Array=65bp;ArrayPlatform=Nimblegen	5		Drosophila melanogaster	mixed: S2, S2-DRSC				2009-09-18	2009-10-16	replaced	2028 deprecated by 2525	GSM333832	
Nucleosome_Density_S2	Henikoff	Henikoff	ChIP-chip	chromatin		SaltConcentration=15mM ;Array=65bp;ArrayPlatform=Nimblegen	3		Drosophila melanogaster	S2				2009-09-18	2009-10-16	replaced	2031 deprecated by 2506	GSM333835	
Dev Timecourse Embryo 18-20h RNA-Seq TopHat	Celniker	Celniker	RNA-seq	RNA profiling			1		Drosophila melanogaster		y; cn bw sp	whole organism	embryo: egg stage, embryonic stage, late embryonic stage, embryonic stage 17	2009-09-18	2009-09-23	replaced	2239 deprecated by 2393 superseded by 2801	SRA009364	
Dev Timecourse Embryo 4-6h RNA-Seq TopHat	Celniker	Celniker	RNA-seq	RNA profiling			1		Drosophila melanogaster		y; cn bw sp	whole organism	embryo: early extended germ band stage, extended germ band stage, late extended germ band stage, embryonic stage 9-11	2009-09-18	2009-09-23	replaced	2240 deprecated by 2390	SRA009364	
Dev Timecourse Embryo 6-8h RNA-Seq TopHat	Celniker	Celniker	RNA-seq	RNA profiling			1		Drosophila melanogaster		y; cn bw sp	whole organism	embryo: extended germ band stage, late extended germ band stage, embryonic stage 11-12	2009-09-18	2009-09-23	replaced	2241 deprecated by 2391	SRA009364	
Dev Timecourse Embryo 8-10h RNA-Seq TopHat	Celniker	Celniker	RNA-seq	RNA profiling			1		Drosophila melanogaster		y; cn bw sp	whole organism	embryo: late extended germ band stage, embryonic stage 12-13	2009-09-18	2009-09-23	replaced	2242 deprecated by 2392	SRA009364	
Dev Timecourse Embryo 0-2h RNA-Seq TopHat	Celniker	Celniker	RNA-seq	RNA profiling			1		Drosophila melanogaster		y; cn bw sp	whole organism	embryo: embryonic stage, pre-blastoderm stage, embryonic stage 1-2	2009-09-18	2009-09-23	replaced	2244 deprecated by 2389	SRA009364	
Dev Timecourse Embryo 2-4h RNA-Seq TopHat	Celniker	Celniker	RNA-seq	RNA profiling			1		Drosophila melanogaster		y; cn bw sp	whole organism	embryo: early extended germ band stage, embryonic stage, embryonic stage 5-9	2009-09-18	2009-10-07	replaced	2245 superseded by 2804	SRR023502, SRR023660, SRR023705, SRR023722, SRR023745, SRR027112	
Dev Timecourse Embryo 10-12h RNA-Seq TopHat	Celniker	Celniker	RNA-seq	RNA profiling			1		Drosophila melanogaster		y; cn bw sp	whole organism	embryo: embryonic stage 13-15	2009-09-18	2009-10-07	replaced	2246 superseded by 2797	SRR023604, SRR023644, SRR023694, SRR023727, SRR023831, SRR024010, SRR024221	
Dev Timecourse Embryo 12-14h RNA-Seq TopHat	Celniker	Celniker	RNA-seq	RNA profiling			1		Drosophila melanogaster		y; cn bw sp	whole organism	embryo: dorsal closure stage, embryonic stage, fertilized egg stage, late embryonic stage, unfertilized egg stage, embryonic stage 15-16	2009-09-18	2009-10-07	replaced	2247 deprecated by 2491 superseded by 2798	SRR023602, SRR023643, SRR023703, SRR023724, SRR023832, SRR024012	
Dev Timecourse Embryo 14-16h RNA-Seq TopHat	Celniker	Celniker	RNA-seq	RNA profiling			1		Drosophila melanogaster		y; cn bw sp	whole organism	embryo: egg stage, embryonic stage, fertilized egg stage, late embryonic stage, unfertilized egg stage, embryonic stage 16	2009-09-19	2009-10-07	replaced	2248 superseded by 2799	SRR023540, SRR023641, SRR023725, SRR023734, SRR023736, SRR023822, SRR024011	
Dev Timecourse Embryo 20-22h RNA-Seq TopHat	Celniker	Celniker	RNA-seq	RNA profiling			1		Drosophila melanogaster		y; cn bw sp	whole organism	embryo: embryonic stage, embryonic stage 17	2009-09-19	2009-10-07	replaced	2249 superseded by 2802	SRR023506, SRR023665, SRR023684, SRR023718, SRR023728, SRR027109	
Dev Timecourse Embryo 22-24h RNA-Seq TopHat	Celniker	Celniker	RNA-seq	RNA profiling			1		Drosophila melanogaster		y; cn bw sp	whole organism	embryo: embryonic stage, late embryonic stage, embryonic stage 17	2009-09-19	2009-10-07	replaced	2250 superseded by 2803	SRR023538, SRR023685, SRR023711, SRR023733, SRR023834, SRR024015	
Dev Timecourse WhitePrePupae RNA-Seq TopHat	Celniker	Celniker	RNA-seq	RNA profiling			1		Drosophila melanogaster		y; cn bw sp	whole organism	larva: prepupal stage, prepupal stage P1	2009-09-19	2009-10-07	replaced	2251 superseded by 2878	SRR023687, SRR023695, SRR023704, SRR023784, SRR023837, SRR026432	
Dev Timecourse WhitePrePupae+12h RNA-Seq TopHat	Celniker	Celniker	RNA-seq	RNA profiling			1		Drosophila melanogaster		y; cn bw sp	whole organism	larva: prepupal stage, prepupal stage P4, prepupal stage P4(i), prepupal stage P4(ii)	2009-09-19	2009-10-07	replaced	2252 superseded by 2815	SRR023544, SRR023639, SRR023647, SRR023689, SRR023716, SRR023833	
Dev Timecourse WhitePrePupae+24h RNA-Seq TopHat	Celniker	Celniker	RNA-seq	RNA profiling			1		Drosophila melanogaster		y; cn bw sp	whole organism	pupae: pupal stage, pupal stage P6	2009-09-19	2009-10-07	replaced	2253 deprecated by 2494 superseded by 2816	SRR023541, SRR023656, SRR023708, SRR023756, SRR023830	
Dev Timecourse WhitePrePupae+2d RNA-Seq TopHat	Celniker	Celniker	RNA-seq	RNA profiling			1		Drosophila melanogaster		y; cn bw sp	whole organism	pupae: pharate adult stage, pharate adult stage P8	2009-09-19	2009-10-07	replaced	2254 deprecated by 2495 superseded by 2817	SRR023667, SRR023721, SRR023743, SRR023785, SRR023829, SRR026431	
Dev Timecourse WhitePrePupae+3d RNA-Seq TopHat	Celniker	Celniker	RNA-seq	RNA profiling			1		Drosophila melanogaster		y; cn bw sp	whole organism	pupae: pharate adult stage, pharate adult stage P9	2009-09-19	2009-10-07	replaced	2255 superseded by 2818	SRR023738, SRR023744, SRR023748, SRR023783, SRR024216, SRR026430	
Dev Timecourse WhitePrePupae+4d RNA-Seq TopHat	Celniker	Celniker	RNA-seq	RNA profiling			1		Drosophila melanogaster		y; cn bw sp	whole organism	pupae: pharate adult stage, pharate adult stage P15, pharate adult stage P15(i)	2009-09-19	2009-10-07	replaced	2256 superseded by 2819	SRR023609, SRR023653, SRR023723, SRR023735, SRR023740, SRR023827	
Dev Timecourse L1 RNA-Seq TopHat	Celniker	Celniker	RNA-seq	RNA profiling			1		Drosophila melanogaster		y; cn bw sp	whole organism	larva: first instar larval stage, larval stage	2009-09-19	2009-10-07	replaced	2257 superseded by 2808	SRR023597, SRR023646, SRR023661, SRR023666, SRR023706, SRR023835	
Dev Timecourse L2 RNA-Seq TopHat	Celniker	Celniker	RNA-seq	RNA profiling			1		Drosophila melanogaster		y; cn bw sp	whole organism	larva: larval stage, second instar larval stage	2009-09-19	2009-10-07	replaced	2258 superseded by 2809	SRR023542, SRR023670, SRR023719, SRR023761, SRR023824, SRR024016	
Dev Timecourse L3+12h RNA-Seq TopHat	Celniker	Celniker	RNA-seq	RNA profiling			1		Drosophila melanogaster		y; cn bw sp	whole organism	larva: larval stage, third instar larval stage	2009-09-19	2009-10-08	replaced	2259 superseded by 2810	SRR023507, SRR023649, SRR023677, SRR023731, SRR023760, SRR027111	
Dev Timecourse L3 PS1-2 RNA-Seq TopHat	Celniker	Celniker	RNA-seq	RNA profiling			1		Drosophila melanogaster		y; cn bw sp	whole organism	larva: larval stage, third instar larval stage	2009-09-19	2009-09-23	replaced	2260 deprecated by 2394	SRA009364	
Dev Timecourse L3 PS3-6 RNA-Seq TopHat	Celniker	Celniker	RNA-seq	RNA profiling			1		Drosophila melanogaster		y; cn bw sp	whole organism	larva: larval stage	2009-09-19	2009-09-23	replaced	2261 deprecated by 2395 superseded by 2812	SRA009364	
Dev Timecourse L3 PS7-9 RNA-Seq TopHat	Celniker	Celniker	RNA-seq	RNA profiling			1		Drosophila melanogaster		y; cn bw sp	whole organism	larva: larval stage	2009-09-19	2009-10-07	replaced	2262 superseded by 2813	SRR023729, SRR023739, SRR023782, SRR023865, SRR026433	
Dev Timecourse Adult Female Eclosure+1d RNA-Seq TopHat	Celniker	Celniker	RNA-seq	RNA profiling			1		Drosophila melanogaster		y; cn bw sp	whole organism	adult: adult stage	2009-09-19	2009-10-07	replaced	2263 superseded by 2794	SRR023595, SRR023662, SRR023680, SRR023702, SRR023737, SRR023828, SRR024220	
Dev Timecourse Adult Female Eclosure+30d RNA-Seq TopHat	Celniker	Celniker	RNA-seq	RNA profiling			1		Drosophila melanogaster		y; cn bw sp	whole organism	adult: adult stage	2009-09-19	2009-09-23	replaced	2264 deprecated by 2396	SRA009364	
Dev Timecourse Adult Female Eclosure+5d RNA-Seq TopHat	Celniker	Celniker	RNA-seq	RNA profiling			1		Drosophila melanogaster		y; cn bw sp	whole organism	adult: adult stage	2009-09-19	2009-10-07	replaced	2265 deprecated by 2498 superseded by 2795	SRR023547, SRR023607, SRR023645, SRR023651, SRR023652, SRR023717, SRR023730, SRR023753	
Dev Timecourse Adult Male Eclosure+1d RNA-Seq TopHat	Celniker	Celniker	RNA-seq	RNA profiling			1		Drosophila melanogaster		y; cn bw sp	whole organism	adult: adult stage	2009-09-19	2009-10-07	replaced	2266 deprecated by 2497 superseded by 2790	SRR023543, SRR023648, SRR023664, SRR023678, SRR023741, SRR023825	
Dev Timecourse Adult Male Eclosure+30d RNA-Seq TopHat	Celniker	Celniker	RNA-seq	RNA profiling			1		Drosophila melanogaster		y; cn bw sp	whole organism	adult: adult stage	2009-09-19	2009-10-07	replaced	2267 superseded by 2792	SRR023601, SRR023650, SRR023698, SRR023714, SRR023752, SRR023823, SRR024218	
Dev Timecourse Adult Male Eclosure+5d RNA-Seq TopHat	Celniker	Celniker	RNA-seq	RNA profiling			1		Drosophila melanogaster		y; cn bw sp	whole organism	adult: adult stage	2009-09-19	2009-09-23	replaced	2268 deprecated by 2397	SRA009364	
MB6 gene models	Celniker	Brent	Computational annotation	gene model			COMPUTATIONAL ANNOTATION		Drosophila melanogaster					2009-09-19	2009-10-09	replaced	2269 superseded by 2675		models/MB06.gff3, models/DMG7_before_update.gff3, transcript_clusters/dm3_run10.gff3
Fly_embryos_1-3_hr_150_mM_Salt_Extracted_Chromatin	Henikoff	Henikoff	ChIP-chip	chromatin		SaltConcentration=150mM ;Array=65bp;ArrayPlatform=Nimblegen	3		Drosophila melanogaster		B3	whole organism	embryo: embryonic stage 3-6	2009-09-20	2009-10-16	replaced	2271 deprecated by 2507		
Fly_embryos_1-3_hr_600_mM_Salt_Extracted_Chromatin	Henikoff	Henikoff	ChIP-chip	chromatin		SaltConcentration=600mM ;Array=65bp;ArrayPlatform=Nimblegen	2		Drosophila melanogaster		B3	whole organism	embryo: embryonic stage 3-6	2009-09-20	2009-10-16	replaced	2272 deprecated by 2508		
Fly_embryos_1-3_hr_600_mM_Salt_Extracted_Chromatin_Pellet	Henikoff	Henikoff	ChIP-chip	chromatin		SaltConcentration=600mM ;Array=65bp;ArrayPlatform=Nimblegen	2		Drosophila melanogaster		B3	whole organism	embryo: embryonic stage 3-6	2009-09-20	2009-10-16	replaced	2273 deprecated by 2509		
Fly_embryos_4-6_hr_150_mM_Salt_Extracted_Chromatin	Henikoff	Henikoff	ChIP-chip	chromatin		SaltConcentration=150mM ;Array=65bp;ArrayPlatform=Nimblegen	2		Drosophila melanogaster		B3	whole organism	embryo: Embyro 4-6 h, early extended germ band stage, extended germ band stage, late extended germ band stage, embryonic stage 9-11	2009-09-20	2009-10-16	replaced	2274 deprecated by 2510		
Fly_embryos_4-6_hr_600_mM_Salt_Extracted_Chromatin	Henikoff	Henikoff	ChIP-chip	chromatin		SaltConcentration=600mM ;Array=65bp;ArrayPlatform=Nimblegen	2		Drosophila melanogaster		B3	whole organism	embryo: Embyro 4-6 h, early extended germ band stage, extended germ band stage, late extended germ band stage, embryonic stage 9-11	2009-09-20	2009-10-16	replaced	2275 deprecated by 2511		
Fly_embryos_4-6_hr_600_mM_Salt_Extracted_Chromatin_Pellet	Henikoff	Henikoff	ChIP-chip	chromatin		SaltConcentration=600mM ;Array=65bp;ArrayPlatform=Nimblegen	3		Drosophila melanogaster		B3	whole organism	embryo: Embyro 4-6 h, early extended germ band stage, extended germ band stage, late extended germ band stage, embryonic stage 9-11	2009-09-20	2009-10-16	replaced	2276 deprecated by 2512		
Fly_wing_disc_80_mM_Salt_Extracted_Chromatin	Henikoff	Henikoff	ChIP-chip	chromatin		SaltConcentration=80mM ;Array=65bp;ArrayPlatform=Nimblegen	2		Drosophila melanogaster	ML-DmD16-c3				2009-09-20	2009-10-16	replaced	2277 deprecated by 2513		
Fly_wing_disc_150_mM_Salt_Extracted_Chromatin	Henikoff	Henikoff	ChIP-chip	chromatin		SaltConcentration=150mM ;Array=65bp;ArrayPlatform=Nimblegen	2		Drosophila melanogaster	ML-DmD16-c3				2009-09-20	2009-10-16	replaced	2278 deprecated by 2514		
Fly_wing_disc_600_mM_Salt_Extracted_Chromatin	Henikoff	Henikoff	ChIP-chip	chromatin		SaltConcentration=600mM ;Array=65bp;ArrayPlatform=Nimblegen	2		Drosophila melanogaster	ML-DmD16-c3				2009-09-20	2009-10-16	replaced	2279 deprecated by 2515		
Fly_wing_disc_600_mM_Salt_Extracted_Chromatin_Pellet	Henikoff	Henikoff	ChIP-chip	chromatin		SaltConcentration=600mM ;Array=65bp;ArrayPlatform=Nimblegen	2		Drosophila melanogaster	ML-DmD16-c3				2009-09-20	2009-10-16	replaced	2280 deprecated by 2516		
RNAi CG9983 S2-DRSC RNA-Seq Bowtie	Celniker	Graveley	RNA-seq, RNAi	RNA profiling			1	RNAiTarget=Hrb98DE	Drosophila melanogaster	S2-DRSC				2009-09-21	2009-10-08	replaced	2301 deprecated by 3134	GSM461186	
RNAi CG9373 S2-DRSC RNA-Seq Bowtie	Celniker	Graveley	RNA-seq, RNAi	RNA profiling			1	RNAiTarget=rump	Drosophila melanogaster	S2-DRSC				2009-09-21	2009-10-08	replaced	2302 deprecated by 3090	GSM461184	
RNAi Untreated-B (control) S2-DRSC RNA-Seq Bowtie	Celniker	Graveley	RNA-seq, RNAi	RNA profiling			1		Drosophila melanogaster	S2-DRSC				2009-09-21	2009-10-09	replaced	2305 deprecated by 3138	GSM461182	
Histone_H3K4me3_N2_EEMB_(WA30534819_H3K4ME3_N2_EEMB)	Lieb	Strome	ChIP-chip	chromatin modification		Target=H3K4Me3;AbName=H3K4Me3;Array=40bp;ArrayPlatform=Nimblegen	1		Caenorhabditis elegans		N2	whole organism	embryo: blastula embryo, gastrulating embryo	2009-09-07	2009-11-27	replaced	2311 deprecated by 3197	GSE22721, GSM562717, GSM562718	
RNAseq - early embryo sequences & alignments	Waterston	Waterston	RNA-seq	RNA profiling			1		Caenorhabditis elegans		N2	whole organism	embryo: blastula embryo, gastrulating embryo	2009-09-29	2009-11-16	replaced	2321 superseded by 3884	SRX004863, SRX004864	
RNAseq - late embryo 20dC 4.5hrs post-early embryo sequences & alignments	Waterston	Waterston	RNA-seq	RNA profiling			1		Caenorhabditis elegans		N2	whole organism	embryo: elongating embryo, enclosing embryo, fully-elongated embryo, late cleavage stage embryo	2009-09-29	2009-11-16	replaced	2324 superseded by 3883	SRX004865, SRX004866	
RNAseq - male mid-L4 dpy28(y1);him-8(e1489) 25dC 30hrs post-L1 sequences & alignments	Waterston	Waterston	RNA-seq	RNA profiling			1		Caenorhabditis elegans		CB4689	whole organism	larva: L4 larva male	2009-09-29	2009-11-16	replaced	2325 superseded by 3909	SRX004868	
RNAseq - mid-L1 20dC 4hrs post-L1 sequences & alignments	Waterston	Waterston	RNA-seq	RNA profiling			1		Caenorhabditis elegans		N2	whole organism	larva: L1 larva	2009-09-29	2009-11-16	replaced	2326 superseded by 3882	SRX004867	
RNAseq - lin-35(n745) mid-L1 25dC 4.0hrs post-L1 sequences & alignments	Waterston	Waterston	RNA-seq	RNA profiling			1		Caenorhabditis elegans		MT10430	whole organism	larva: L1 larva	2009-09-30	2009-11-16	replaced	2343 superseded by 3910	SRX004869	
RNAseq - Adult spe-9 23dC 8days post-L4 molt sequences & alignment	Waterston	Waterston	RNA-seq	RNA profiling			1		Caenorhabditis elegans		BA671	whole organism	adult: adult	2009-09-30	2009-11-16	replaced	2345 superseded by 3901	SRX008136	
RNAseq - embryo him-8 20dC post-L1 sequences & alignments	Waterston	Waterston	RNA-seq	RNA profiling			1		Caenorhabditis elegans		CB1489	whole organism	embryo: embryo	2009-09-30	2009-11-16	replaced	2346 superseded by 3905	SRX011569	
RNAseq - dauer daf-2 25dC 91hrs post-L1 sequences & alignments	Waterston	Waterston	RNA-seq	RNA profiling			1		Caenorhabditis elegans		CB1370	whole organism	larva: dauer larva	2009-09-30	2009-11-16	replaced	2347 superseded by 3902	SRX008138	
RNAseq - dauer exit daf-2 25dC 91hrs 15dC 12hrs post-L1 sequences & alignments	Waterston	Waterston	RNA-seq	RNA profiling			1		Caenorhabditis elegans		CB1370	whole organism	larva: post dauer stage	2009-09-30	2009-11-16	replaced	2349 superseded by 3904	SRX008140	
RNAseq - mid-L2 25dC 14 hrs post-L1 sequences & alignments	Waterston	Waterston	RNA-seq	RNA profiling		Version=3	1		Caenorhabditis elegans		N2	whole organism	larva: L2 larva	2009-10-01	2009-11-19	replaced	2351 superseded by 3881	SRX001872	
RNAseq - mid-L3 25dC 25hrs post-L1 sequences & alignments	Waterston	Waterston	RNA-seq	RNA profiling			1		Caenorhabditis elegans		N2	whole organism	larva: L3 larva	2009-10-01	2009-11-19	replaced	2352 superseded by 3880	SRX001875	
RNAseq - mid-L4 25dC 36hrs post-L1 sequences & alignments	Waterston	Waterston	RNA-seq	RNA profiling			1		Caenorhabditis elegans		N2	whole organism	larva: L4 larva	2009-10-01	2009-11-19	replaced	2353 superseded by 3879	SRX001874	
RNAseq - Young Adult 25dC 46hrs post-L1 sequences & alignment	Waterston	Waterston	RNA-seq	RNA profiling		Version=2	1		Caenorhabditis elegans		N2	whole organism	larva: newly molted young adult hermaphrodite	2009-10-01	2009-11-16	replaced	2354 superseded by 3878	SRX001873	
Lai_GSM399107_male-body	Lai	Lai	RNA-seq	RNA profiling		RNAsize=<200bp	1		Drosophila melanogaster		Canton-S	abdomen, thorax	adult: adult stage	2009-10-02	2009-12-23	replaced	2371 deprecated by 2554	GSM399107	
Lai_GSM399106_female-body	Lai	Lai	RNA-seq	RNA profiling		RNAsize=<200bp	1		Drosophila melanogaster		Canton-S	abdomen, thorax	adult: adult stage	2009-10-02	2009-12-23	replaced	2372 deprecated by 2555	GSM399106	
Lai_GSM360262_0-2day_pupae	Lai	Lai	RNA-seq	RNA profiling		RNAsize=<200bp	1		Drosophila melanogaster		Canton-S	whole organism	pupae: pupal stage	2009-10-02	2009-12-23	replaced	2373 deprecated by 2556	GSM360262	
CGH Salivary Y cn bw sp	MacAlpine	Orr-Weaver	tiling array: DNA	copy number variation		Array=470bp;ArrayPlatform=Agilent	2		Drosophila melanogaster		y; cn bw sp	larval salivary gland	mixed: cleavage stage, early extended germ band stage, embryonic stage, larval stage, pre-blastoderm stage, third instar larval stage, embryonic stage 1-9	2009-09-21	2009-10-02	replaced	2383 deprecated by 2544		salivary_244_trough_peaks.gff
CGH Salivary OregonR-Orr-Weaver	MacAlpine	Orr-Weaver	tiling array: DNA	copy number variation		Array=616;ArrayPlatform=Agilent	4		Drosophila melanogaster		Oregon-R Orr-Weaver	larval salivary gland	mixed: cleavage stage, early extended germ band stage, embryonic stage, larval stage, pre-blastoderm stage, third instar larval stage, embryonic stage 1-9	2009-09-21	2009-10-02	replaced	2386 deprecated by 2545		salivary_188_trough_peaks.gff
RNAseq - dauer entry daf-2 25dC 48hrs post-L1 sequences & alignments	Waterston	Waterston	RNA-seq	RNA profiling			1		Caenorhabditis elegans		CB1370	whole organism	larva: L2d-dauer molt	2009-10-02	2009-11-16	replaced	2387 superseded by 3903	SRX008139	
Dev Timecourse Embryo 16-18h RNA-Seq TopHat	Celniker	Celniker	RNA-seq	RNA profiling			1		Drosophila melanogaster		y; cn bw sp	whole organism	embryo: egg stage, embryonic stage, fertilized egg stage, late embryonic stage, unfertilized egg stage, embryonic stage 17	2009-10-02	2009-10-07	replaced	2388 deprecated by 2493 superseded by 2800	SRR023600, SRR023707, SRR023715, SRR023720, SRR023751, SRR023826	
Dev Timecourse Embryo 0-2h RNA-Seq TopHat	Celniker	Celniker	RNA-seq	RNA profiling			1		Drosophila melanogaster		y; cn bw sp	whole organism	embryo: embryonic stage, pre-blastoderm stage, embryonic stage 1-2	2009-10-05	2009-10-08	replaced	2389 superseded by 2796	SRR023199, SRR023659, SRR023663, SRR023671, SRR023747, SRR023755, SRR024013, SRR027110	
Dev Timecourse Embryo 4-6h RNA-Seq TopHat	Celniker	Celniker	RNA-seq	RNA profiling			1		Drosophila melanogaster		y; cn bw sp	whole organism	embryo: early extended germ band stage, extended germ band stage, late extended germ band stage, embryonic stage 9-11	2009-10-05	2009-10-08	replaced	2390 deprecated by 2490	SRR023539, SRR023669, SRR023696, SRR023746, SRR023836, SRR024014	
Dev Timecourse Embryo 6-8h RNA-Seq	Celniker	Celniker	RNA-seq	RNA profiling			1		Drosophila melanogaster		y; cn bw sp	whole organism	embryo: extended germ band stage, late extended germ band stage, embryonic stage 11-12	2009-10-05	2009-10-08	replaced	2391 superseded by 2806	SRR023504, SRR023654, SRR023668, SRR023688, SRR023691, SRR023732, SRR024009, SRR024217, SRR027113	
Dev Timecourse Embryo 8-10h RNA-Seq TopHat	Celniker	Celniker	RNA-seq	RNA profiling			1		Drosophila melanogaster		y; cn bw sp	whole organism	embryo: late extended germ band stage, embryonic stage 12-13	2009-09-18	2009-10-08	replaced	2392 superseded by 2807	SRR023549, SRR023596, SRR023603, SRR023657, SRR023701, SRR023749, SRR023750, SRR023754, SRR023759, SRR024219	
Dev Timecourse Embryo 18-20h RNA-Seq TopHat	Celniker	Celniker	RNA-seq	RNA profiling			1		Drosophila melanogaster		y; cn bw sp	whole organism	embryo: egg stage, embryonic stage, late embryonic stage, embryonic stage 17	2009-10-05	2009-10-07	replaced	2393 deprecated by 2492 superseded by 2801	SRR023503, SRR023599, SRR023673, SRR023682, SRR023686, SRR023699, SRR023700, SRR024215, SRR027114	
Dev Timecourse L3 PS1-2 RNA-Seq TopHat	Celniker	Celniker	RNA-seq	RNA profiling			1		Drosophila melanogaster		y; cn bw sp	whole organism	larva: larval stage, third instar larval stage	2009-10-05	2009-10-08	replaced	2394 superseded by 2811	SRR023546, SRR023608, SRR023638, SRR023640, SRR023697, SRR023726, SRR023758	
Dev Timecourse L3 PS3-6 RNA-Seq TopHat	Celniker	Celniker	RNA-seq	RNA profiling			1		Drosophila melanogaster		y; cn bw sp	whole organism	larva: larval stage	2009-10-05	2009-10-08	replaced	2395 deprecated by 2496 superseded by 2812	SRR023505, SRR023676, SRR023683, SRR023690, SRR023692, SRR023742, SRR027108	
Dev Timecourse Adult Female Eclosure+30d RNA-Seq TopHat	Celniker	Celniker	RNA-seq	RNA profiling			1		Drosophila melanogaster		y; cn bw sp	whole organism	adult: adult stage	2009-10-05	2009-10-08	replaced	2396 superseded by 2793	SRR023548, SRR023598, SRR023674, SRR023675, SRR023681, SRR023693, SRR023712, SRR023757	
Dev Timecourse Adult Male Eclosure+5d RNA-Seq TopHat	Celniker	Celniker	RNA-seq	RNA profiling			1		Drosophila melanogaster		y; cn bw sp	whole organism	adult: adult stage	2009-10-05	2009-10-08	replaced	2397 superseded by 2791	SRR023550, SRR023605, SRR023606, SRR023642, SRR023655, SRR023658, SRR023672, SRR023679, SRR023709, SRR023710, SRR023713	
Snyder_EOR-1_GFP_L3	Snyder	Snyder	ChIP-seq	chromatin		Target=eor-1;AbName=eGFP	3		Caenorhabditis elegans		OP81	whole organism	larva: L3 larva	2009-10-13	2009-11-28	replaced	2417 deprecated by 3155	GSM435301	Snyder_EOR-1_GFP_L3_combined_peaks.GFF3
Snyder_HLH-8_GFP_L3	Snyder	Snyder	ChIP-seq	chromatin		Target=hlh-8;AbName=eGFP	3		Caenorhabditis elegans		OP74	whole organism	larva: L3 larva	2009-10-13	2009-11-28	replaced	2418 deprecated by 0	GSM435317	Snyder_HLH-8_GFP_L3_combined_peaks.GFF3
Snyder_NHR-6_GFP_L2	Snyder	Snyder	ChIP-seq	chromatin		Target=nhr-6;AbName=eGFP	3		Caenorhabditis elegans		OP90	whole organism	larva: L2 larva	2009-10-13	2009-11-28	replaced	2433 deprecated by 0	GSE25786, GSM677619, GSM677620, GSM677621, GSM677622	Snyder_NHR-6_GFP_L2_combined_peaks.GFF3
Snyder_ALR-1_GFP_L2	Snyder	Snyder	ChIP-seq	chromatin		Target=alr-1;AbName=eGFP	3		Caenorhabditis elegans		OP200	whole organism	larva: L2 larva	2009-10-13	2009-11-27	replaced	2434 deprecated by 3156		Snyder_ALR-1_GFP_L2_combined_peaks.GFF3
Histone_H3K4me2_N2_EEMB_(WA30834809_H3K4ME2_N2_EEMB)	Lieb	Strome	ChIP-chip	chromatin modification		Target=H3K4Me2;AbName=H3K4Me2;Array=40bp;ArrayPlatform=Nimblegen	1		Caenorhabditis elegans		N2	whole organism	embryo: blastula embryo, gastrulating embryo	2009-10-15	2009-11-27	replaced	2445 deprecated by 3198	GSE22741, GSM562757, GSM562758	
Snyder_PES1_GFP_L4	Snyder	Snyder	ChIP-seq	chromatin		Target=pes-1;AbName=eGFP	3		Caenorhabditis elegans		OP87	whole organism	larva: L4 larva	2009-10-15	2009-11-28	replaced	2450 deprecated by 3157		Snyder_PES1_GFP_L4_combined_peaks.GFF3
Snyder_PHA4_GFP_L2	Snyder	Snyder	ChIP-seq	chromatin		Target=pha-4;AbName=eGFP	3		Caenorhabditis elegans		OP37	whole organism	larva: L2 larva	2009-10-15	2009-11-28	replaced	2452 deprecated by 3158		Snyder_PHA4_GFP_L2_combined_peaks.GFF3
Snyder_EGL5_GFP_L3	Snyder	Snyder	ChIP-seq	chromatin		Target=egl-5;AbName=eGFP	3		Caenorhabditis elegans		OP54	whole organism	larva: L3 larva	2009-10-15	2009-11-28	replaced	2453 deprecated by 3159		Snyder_EGL5_GFP_L3_combined_peaks.GFF3
RNAseq - mid-L2 25dC 14hrs post-L1 genelets	Waterston	Waterston	RNA-seq	RNA profiling			1		Caenorhabditis elegans					2009-10-22	2009-11-20	replaced	2466 superseded by 2846	SRX001872	mid-L2_25dC_14hrs_post-L1.wormbase_transcripts.ws170.gff3, mid-L2_25dC_14hrs_post-L1.confirmed_introns_all.gff3, mid-L2_25dC_14hrs_post-L1.confirmed_polya.gff3, mid-L2_25dC_14hrs_post-L1.confirmed_splice_leaders.gff3, mid-L2_25dC_14hrs_post-L1.genelets.RNASEQ.ws170.gff3
RNAseq - mid-L3 20dC 25hrs post-L1 genelets	Waterston	Waterston	RNA-seq	RNA profiling			1		Caenorhabditis elegans					2009-10-22	2009-11-20	replaced	2467 superseded by 2847	SRX001875	mid-L3_20dC_25hrs_post-L1.confirmed_introns_all.gff3, mid-L3_20dC_25hrs_post-L1.confirmed_splice_leaders.gff3, mid-L3_20dC_25hrs_post-L1.confirmed_polya.gff3, mid-L3_20dC_25hrs_post-L1.genelets.RNASEQ.ws170.gff3, mid-L3_20dC_25hrs_post-L1.wormbase_transcripts.ws170.gff3
RNAseq - mid-L4 20dC 36hrs post-L1 genelets	Waterston	Waterston	RNA-seq	RNA profiling			1		Caenorhabditis elegans					2009-10-22	2009-11-20	replaced	2468 superseded by 2848	SRX001874	mid-L4_20dC_36hrs_post-L1.confirmed_introns_all.gff3, mid-L4_20dC_36hrs_post-L1.confirmed_splice_leaders.gff3, mid-L4_20dC_36hrs_post-L1.confirmed_polya.gff3, mid-L4_20dC_36hrs_post-L1.wormbase_transcripts.ws170.gff3, mid-L4_20dC_36hrs_post-L1.genelets.RNASEQ.ws170.gff3
RNAseq - mid-L1 20dC 4hrs post-L1 genelets	Waterston	Waterston	RNA-seq	RNA profiling			1		Caenorhabditis elegans					2009-10-25	2009-11-20	replaced	2469 superseded by 2845	SRX004867	mid-L1_20dC_4hrs_post-L1.confirmed_splice_leaders.gff3, mid-L1_20dC_4hrs_post-L1.wormbase_transcripts.ws170.gff3, mid-L1_20dC_4hrs_post-L1.confirmed_polya.gff3, mid-L1_20dC_4hrs_post-L1.genelets.RNASEQ.ws170.gff3, mid-L1_20dC_4hrs_post-L1.confirmed_introns_all.gff3
RNAseq - Young Adult 25dC 46hrs post-L1 genelets	Waterston	Waterston	RNA-seq	RNA profiling			1		Caenorhabditis elegans					2009-10-25	2009-11-20	replaced	2470 superseded by 2836	SRX001873	Young_Adult_25dC_46hrs_post-L1.confirmed_splice_leaders.gff3, Young_Adult_25dC_46hrs_post-L1.genelets.RNASEQ.ws170.gff3, Young_Adult_25dC_46hrs_post-L1.confirmed_introns_all.gff3, Young_Adult_25dC_46hrs_post-L1.confirmed_polya.gff3, Young_Adult_25dC_46hrs_post-L1.wormbase_transcripts.ws170.gff3
RNAseq - male mid-L4 dpy28(y1);him-8(e1489) 25dC 30hrs post-L1 genelets	Waterston	Waterston	RNA-seq	RNA profiling			1		Caenorhabditis elegans					2009-10-25	2009-11-20	replaced	2471 superseded by 2844	SRX004868	male_mid-L4_25dC_30hrs_post-L1.wormbase_transcripts.ws170.gff3, male_mid-L4_25dC_30hrs_post-L1.confirmed_splice_leaders.gff3, male_mid-L4_25dC_30hrs_post-L1.confirmed_introns_all.gff3, male_mid-L4_25dC_30hrs_post-L1.confirmed_polya.gff3, male_mid-L4_25dC_30hrs_post-L1.genelets.RNASEQ.ws170.gff3
RNAseq - Adult spe-9 23dC 8days post-L4 molt genelets	Waterston	Waterston	RNA-seq	RNA profiling			1		Caenorhabditis elegans					2009-10-27	2009-11-20	replaced	2472 superseded by 2835	SRX008136	Adult_spe-9_23dC_8days_post-L4_molt.confirmed_polya.gff3, Adult_spe-9_23dC_8days_post-L4_molt.confirmed_splice_leaders.gff3, Adult_spe-9_23dC_8days_post-L4_molt.genelets.RNASEQ.ws170.gff3, Adult_spe-9_23dC_8days_post-L4_molt.wormbase_transcripts.ws170.gff3, Adult_spe-9_23dC_8days_post-L4_molt.confirmed_introns_all.gff3
RNAseq - early embryo genelets	Waterston	Waterston	RNA-seq	RNA profiling			1		Caenorhabditis elegans					2009-10-27	2009-11-11	replaced	2473 superseded by 2840	SRX004863	early_embryo.wormbase_transcripts.ws170.gff3, early_embryo.confirmed_splice_leaders.gff3, early_embryo.genelets.RNASEQ.ws170.gff3, early_embryo.confirmed_introns_all.gff3, early_embryo.confirmed_polya.gff3
RNAseq - embryo him-8 20dC post-L1 genelets	Waterston	Waterston	RNA-seq	RNA profiling			1		Caenorhabditis elegans					2009-10-27	2009-11-20	replaced	2474 superseded by 2841	SRX011569	embryo_him-8_20dC_post-L1.confirmed_introns_all.gff3, embryo_him-8_20dC_post-L1.genelets.RNASEQ.ws170.gff3, embryo_him-8_20dC_post-L1.wormbase_transcripts.ws170.gff3, embryo_him-8_20dC_post-L1.confirmed_polya.gff3, embryo_him-8_20dC_post-L1.confirmed_splice_leaders.gff3
RNAseq - late embryo 20dC 4.5hrs post-early embryo genelets	Waterston	Waterston	RNA-seq	RNA profiling			1		Caenorhabditis elegans					2009-10-27	2009-11-20	replaced	2475 superseded by 2842	SRX004865	late_embryo_20dC_4.5hrs_post-early_embryo.confirmed_polya.gff3, late_embryo_20dC_4.5hrs_post-early_embryo.genelets.RNASEQ.ws170.gff3, late_embryo_20dC_4.5hrs_post-early_embryo.confirmed_splice_leaders.gff3, late_embryo_20dC_4.5hrs_post-early_embryo.confirmed_introns_all.gff3, late_embryo_20dC_4.5hrs_post-early_embryo.wormbase_transcripts.ws170.gff3
RNAseq - lin-35(n745) mid-L1 25dC 4.0hrs post-L1 genelets	Waterston	Waterston					NOT RELEASED							2009-10-27		replaced	2476 superseded by 2843		
RNAseq - dauer daf-2 25dC 91hrs post-L1 genelets	Waterston	Waterston					NOT RELEASED							2009-10-27		replaced	2477 superseded by 2837		
RNAseq - dauer entry daf-2 25dC 48hrs post-L1 genelets	Waterston	Waterston					NOT RELEASED							2009-10-27		replaced	2478 superseded by 2838		
RNAseq - dauer exit daf-2 25dC 91hrs 15dC 12hrs post-L1 genelets	Waterston	Waterston					NOT RELEASED							2009-10-27		replaced	2479 superseded by 2839		
D. Pseudoobscura male heads mRNA-seq	Celniker	Oliver	RNA-seq	RNA profiling			1		Drosophila pseudoobscura pseudoobscura		D. pseudoobscura 14011-0121.94	adult head	adult: adult stage	2009-11-20	2010-02-13	replaced	2530 superseded by 3085	GSM499404	
Directed cDNA Full Insert Sequencing	Celniker	Celniker	cDNA sequencing	RNA profiling		Sequences=1055	1		Drosophila melanogaster		Oregon-R-P2, y; cn bw sp	adult, adult head, embryo	mixed: adult stage, embryonic stage, larval stage, prepupal stage, pupal stage, embryonic stage 17	2009-12-18	2010-02-15	replaced	2550 superseded by 3275		MIP.gff
RNA-Seq - pathogen Harposporium 25dC 24hr exposure post-adulthood N2 sequences & alignments	Waterston	Waterston	RNA-seq	RNA profiling			1	EnvironmentalTreatment=food:Harposporium	Caenorhabditis elegans		N2	whole organism	larva: newly molted young adult hermaphrodite	2010-01-08	2010-02-04	replaced	2580 superseded by 3906	SRX014006	
RNA-Seq - pathogen Harposporium control OP50 25dC 24hr exposure post-adulthood N2 sequences & alignments	Waterston	Waterston	RNA-seq	RNA profiling			1	EnvironmentalTreatment=food:E. coli (OP50)	Caenorhabditis elegans		N2	whole organism	larva: newly molted young adult hermaphrodite	2010-01-10	2010-02-04	replaced	2581 superseded by 3907	SRX014007	
RNA-seq - pathogen Smacescens 25dC 24hr exposure post-adulthood N2 sequences & alignment	Waterston	Waterston	RNA-seq	RNA profiling			1	EnvironmentalTreatment=food:S. marcescens (Db11)	Caenorhabditis elegans		N2	whole organism	larva: newly molted young adult hermaphrodite	2010-01-10	2010-02-04	replaced	2582 superseded by 3911	SRX014008	
RNA-seq - soma-only mid-L4 25dC 36hrs post-L1 JK1107 sequences & alignments	Waterston	Waterston	RNA-seq	RNA profiling			1		Caenorhabditis elegans		JK1107	whole organism	larva: L4 larva	2010-01-10	2010-02-04	replaced	2583 superseded by 3908	SRX014010	
RNA-Seq - pathogen Smacescens control OP50 25dC 24hr exposure post-adulthood N2 sequences & alignments	Waterston	Waterston	RNA-seq	RNA profiling			1	EnvironmentalTreatment=food:E. coli (OP50)	Caenorhabditis elegans		N2	whole organism	larva: newly molted young adult hermaphrodite	2010-01-10	2010-02-04	replaced	2584 superseded by 3912	SRX014009	
RNA-Seq - pathogen Harposporium 25dC 24hr exposure post-adulthood N2 genelets	Waterston	Waterston	RNA-seq	RNA profiling			1	EnvironmentalTreatment=food:Harposporium	Caenorhabditis elegans		N2	whole organism	larva: newly molted young adult hermaphrodite	2010-01-14	2010-02-01	replaced	2587 superseded by 2962	SRX014006	Adult_Harposporium_exposed_2_24hrs.confirmed_polya.gff3, Adult_Harposporium_exposed_2_24hrs.genelets.RNASEQ.ws170.gff3, Adult_Harposporium_exposed_2_24hrs.confirmed_splice_leaders.gff3, Adult_Harposporium_exposed_2_24hrs.wormbase_transcripts.ws170.gff3, Adult_Harposporium_exposed_2_24hrs.confirmed_introns_all.gff3
RNA-Seq - pathogen Harposporium control OP50 25dC 24hr exposure post-adulthood N2 genelets	Waterston	Waterston	RNA-seq	RNA profiling			1	EnvironmentalTreatment=food:E. coli (OP50)	Caenorhabditis elegans		N2	whole organism	larva: newly molted young adult hermaphrodite	2010-01-14	2010-02-01	replaced	2588 superseded by 2961	SRX014007	Adult_Harposporium_control_EcoliOP50_exposed_2_24hrs.wormbase_transcripts.ws170.gff3, Adult_Harposporium_control_EcoliOP50_exposed_2_24hrs.confirmed_introns_all.gff3, Adult_Harposporium_control_EcoliOP50_exposed_2_24hrs.confirmed_polya.gff3, Adult_Harposporium_control_EcoliOP50_exposed_2_24hrs.confirmed_splice_leaders.gff3, Adult_Harposporium_control_EcoliOP50_exposed_2_24hrs.genelets.RNASEQ.ws170.gff3
RNA-seq - pathogen Smacescens 25dC 24hr exposure post-adulthood N2 genelets	Waterston	Waterston	RNA-seq	RNA profiling			1	EnvironmentalTreatment=food:S. marcescens (Db11)	Caenorhabditis elegans		N2	whole organism	larva: newly molted young adult hermaphrodite	2010-01-14	2010-02-02	replaced	2589 superseded by 2964	SRX014008	Adult_S_macescens_Db10_exposed_1_24hrs.wormbase_transcripts.ws170.gff3, Adult_S_macescens_Db10_exposed_1_24hrs.genelets.RNASEQ.ws170.gff3, Adult_S_macescens_Db10_exposed_1_24hrs.confirmed_introns_all.gff3, Adult_S_macescens_Db10_exposed_1_24hrs.confirmed_polya.gff3, Adult_S_macescens_Db10_exposed_1_24hrs.confirmed_splice_leaders.gff3
RNA-seq - soma-only mid-L4 25dC 36hrs post-L1 JK1107 genelets	Waterston	Waterston	RNA-seq	RNA profiling			1		Caenorhabditis elegans		JK1107	whole organism	larva: L4 larva	2010-01-14	2010-02-02	replaced	2590 superseded by 2965	SRX014010	L4_soma_JK1107_no_DNaseI.wormbase_transcripts.ws170.gff3, L4_soma_JK1107_no_DNaseI.confirmed_introns_all.gff3, L4_soma_JK1107_no_DNaseI.confirmed_polya.gff3, L4_soma_JK1107_no_DNaseI.genelets.RNASEQ.ws170.gff3, L4_soma_JK1107_no_DNaseI.confirmed_splice_leaders.gff3
RNA-Seq - pathogen Smacescens control OP50 25dC 24hr exposure post-adulthood N2 genelets	Waterston	Waterston	RNA-seq	RNA profiling			1	EnvironmentalTreatment=food:E. coli (OP50)	Caenorhabditis elegans		N2	whole organism	larva: newly molted young adult hermaphrodite	2010-01-14	2010-02-02	replaced	2591 superseded by 2963	SRX014009	Adult_S_macescens_Db10_control_EcoliOP50_exposed_1_24hrs.genelets.RNASEQ.ws170.gff3, Adult_S_macescens_Db10_control_EcoliOP50_exposed_1_24hrs.confirmed_introns_all.gff3, Adult_S_macescens_Db10_control_EcoliOP50_exposed_1_24hrs.confirmed_polya.gff3, Adult_S_macescens_Db10_control_EcoliOP50_exposed_1_24hrs.confirmed_splice_leaders.gff3, Adult_S_macescens_Db10_control_EcoliOP50_exposed_1_24hrs.wormbase_transcripts.ws170.gff3
Snyder_EOR-1_POLII_L3	Snyder	Snyder	ChIP-seq	chromatin		Target=eor-1;AbName=RNA polymerase II	3		Caenorhabditis elegans		OP81	whole organism	larva: L3 larva	2010-01-20	2010-02-18	replaced	2596 deprecated by 3160		Snyder_EOR-1_POLII_L3_combined_peaks.GFF3
Snyder_PHA4_GFP_YA	Snyder	Snyder	ChIP-seq	chromatin		Target=pha-4;AbName=eGFP	3		Caenorhabditis elegans		OP37	whole organism	larva: newly molted young adult hermaphrodite	2010-01-20	2010-02-17	replaced	2599 deprecated by 3161		Snyder_PHA4_GFP_YA_combined_peaks.GFF3
D. Pseudoobscura female heads mRNA-seq	Celniker	Oliver	RNA-seq	RNA profiling			1		Drosophila pseudoobscura pseudoobscura		D. pseudoobscura 14011-0121.94	adult head	adult: adult stage	2010-01-22	2010-02-13	replaced	2607 superseded by 2980	GSM499404	
Snyder_EGL5_POLII_L3	Snyder	Snyder	ChIP-seq	chromatin		Target=egl-5;AbName=RNA polymerase II	3		Caenorhabditis elegans		OP54	whole organism	larva: L3 larva	2010-01-22	2010-02-17	replaced	2616 deprecated by 3162		Snyder_EGL-5_POLII_L3_combined_peaks.GFF3
Snyder_NHR-105_GFP_L3	Snyder	Snyder	ChIP-seq	chromatin		Target=nhr-105;AbName=eGFP	3		Caenorhabditis elegans		OP199	whole organism	larva: L3 larva	2010-01-22	2010-02-18	replaced	2617 deprecated by 0		Snyder_NHR-105_GFP_L3_combined_peaks.GFF3
Histone_H3K4me2_N2_EEMB_(MP07030_H3K4ME2DAM1570816_N2_EEMB)	Lieb	Strome	ChIP-chip	chromatin modification		Target=H3K4Me2;AbName=H3K4Me2;Array=40bp;ArrayPlatform=Nimblegen	1		Caenorhabditis elegans		N2	whole organism	embryo: blastula embryo, gastrulating embryo	2010-01-26	2010-02-18	replaced	2645 deprecated by 3199	GSE22745, GSM562774	
Lai_ML-DmBG3-C2_BS179	Lai	Lai	RNA-seq	RNA profiling		RNAsize=<200bp	1		Drosophila melanogaster	ML-DmBG3-c2				2010-01-28	2010-02-03	replaced	2719 deprecated by 3510	GSE24306, GSM609225	
Lai_S2-DRSC-BS11	Lai	Lai	RNA-seq	RNA profiling		RNAsize=<200bp	1		Drosophila melanogaster	S2-DRSC				2010-01-28	2010-02-03	replaced	2722 deprecated by 3511	GSE24308, GSM609228	
Histone_H3K27ac_N2_EEMB_(WA30634849_H3K27AC_N2_EEMB)	Lieb	Strome	ChIP-chip	chromatin modification		Target=H3K27Ac;AbName=H3K27Ac;Array=40bp;ArrayPlatform=Nimblegen	1		Caenorhabditis elegans		N2	whole organism	embryo: blastula embryo, gastrulating embryo	2010-01-29	2010-02-18	replaced	2727 deprecated by 3200	GSE22748, GSM562779, GSM562780	
Histone_H3K9ac_N2_EEMB_(AB4441_H3K9AC_N2_EEMB)	Lieb	Strome	ChIP-chip	chromatin modification		Target=H3K9Ac;AbName=H3K9Ac;Array=40bp;ArrayPlatform=Nimblegen	1		Caenorhabditis elegans		N2	whole organism	embryo: blastula embryo, gastrulating embryo	2010-01-29	2010-02-18	replaced	2728 deprecated by 0	GSE22749, GSM562781, GSM562782	
Lai_Dcr-2_L811fsX_ovary_Ago1IP	Lai	Hannon	RNA-seq	RNA profiling		Target=Ago1;AbName=Ago1;RNAsize=<200bp	1		Drosophila melanogaster		Dcr-2[L811fsX]	ovary	adult: adult stage	2010-01-29	2010-02-03	replaced	2747 deprecated by 2833		
Lai_r2d2_ovary_totalRNA	Lai	Hannon	RNA-seq	RNA profiling		RNAsize=<200bp	1		Drosophila melanogaster		r2d2[1]	ovary	adult: adult stage	2010-01-29	2010-02-04	replaced	2748 deprecated by 3314	GSE24312, GSM609232	
Lai_Ago2-414_ovary	Lai	Hannon	RNA-seq	RNA profiling		RNAsize=<200bp	1		Drosophila melanogaster		Ago2[414]	ovary	adult: adult stage	2010-01-29	2010-02-02	replaced	2750 deprecated by 2834		
Dev Timecourse Adult Male Eclosion+1d RNA-Seq multimapped reads	Celniker	Celniker	RNA-seq	RNA profiling			1		Drosophila melanogaster		y; cn bw sp	whole organism	adult: adult stage	2010-02-01	2010-02-13	replaced	2790 superseded by 2869	SRR023543, SRR023648, SRR023664, SRR023678, SRR023741, SRR023825	
Dev Timecourse Adult Male Eclosion+5d RNA-Seq multimapped reads	Celniker	Celniker	RNA-seq	RNA profiling			1		Drosophila melanogaster		y; cn bw sp	whole organism	adult: adult stage	2010-02-01	2010-02-13	replaced	2791 superseded by 2871	SRR023550, SRR023605, SRR023606, SRR023642, SRR023658, SRR023672, SRR023679, SRR023713, SRR029176, SRR029231, SRR029233, SRR029235	
Dev Timecourse Adult Male Eclosion+30d RNA-Seq multimapped reads	Celniker	Celniker	RNA-seq	RNA profiling			1		Drosophila melanogaster		y; cn bw sp	whole organism	adult: adult stage	2010-02-01	2010-02-13	replaced	2792 superseded by 2870	SRR023601, SRR023650, SRR023698, SRR023714, SRR023752, SRR023823, SRR024218	
Dev Timecourse Adult Female Eclosion+30d RNA-Seq multimapped reads	Celniker	Celniker	RNA-seq	RNA profiling			1		Drosophila melanogaster		y; cn bw sp	whole organism	adult: adult stage	2010-02-01	2010-02-13	replaced	2793 superseded by 2867	SRR023548, SRR023598, SRR023674, SRR023681, SRR023712, SRR023757, SRR029232, SRR029236	
Dev Timecourse Adult Female Eclosion+1d RNA-Seq multimapped reads	Celniker	Celniker	RNA-seq	RNA profiling			1		Drosophila melanogaster		y; cn bw sp	whole organism	adult: adult stage	2010-02-01	2010-02-13	replaced	2794 superseded by 2866	SRR023595, SRR023662, SRR023680, SRR023702, SRR023737, SRR023828, SRR024220	
Dev Timecourse Adult Female Eclosion+5d RNA-Seq multimapped reads	Celniker	Celniker	RNA-seq	RNA profiling			1		Drosophila melanogaster		y; cn bw sp	whole organism	adult: adult stage	2010-02-01	2010-02-13	replaced	2795 superseded by 2868	SRR023547, SRR023607, SRR023645, SRR023651, SRR023717, SRR023730, SRR029230, SRR029234	
Dev Timecourse Embryo 0-2h RNA-Seq multimapped reads	Celniker	Celniker	RNA-seq	RNA profiling			1		Drosophila melanogaster		y; cn bw sp	whole organism	embryo: embryonic stage, pre-blastoderm stage, embryonic stage 1-2	2010-02-01	2010-02-13	replaced	2796 superseded by 2884	SRR023199, SRR023659, SRR023663, SRR023671, SRR023747, SRR023755, SRR024013, SRR027110	
Dev Timecourse Embryo 10-12h RNA-Seq multimapped reads	Celniker	Celniker	RNA-seq	RNA profiling			1		Drosophila melanogaster		y; cn bw sp	whole organism	embryo: embryonic stage 13-15	2010-02-01	2010-02-13	replaced	2797 superseded by 2889	SRR023604, SRR023644, SRR023694, SRR023727, SRR023831, SRR024010, SRR024221	
Dev Timecourse Embryo 12-14h RNA-Seq multimapped reads	Celniker	Celniker	RNA-seq	RNA profiling			1		Drosophila melanogaster		y; cn bw sp	whole organism	embryo: dorsal closure stage, embryonic stage, fertilized egg stage, late embryonic stage, unfertilized egg stage, embryonic stage 15-16	2010-02-01	2010-02-13	replaced	2798 superseded by 2890	SRR023602, SRR023643, SRR023703, SRR023724, SRR023832, SRR024012, SRR035221	
Dev Timecourse Embryo 14-16h RNA-Seq multimapped reads	Celniker	Celniker	RNA-seq	RNA profiling			1		Drosophila melanogaster		y; cn bw sp	whole organism	embryo: egg stage, embryonic stage, fertilized egg stage, late embryonic stage, unfertilized egg stage, embryonic stage 16	2010-02-01	2010-02-13	replaced	2799 superseded by 2891	SRR023540, SRR023641, SRR023725, SRR023734, SRR023736, SRR023822, SRR024011	
Dev Timecourse Embryo 16-18h RNA-Seq multimapped reads	Celniker	Celniker	RNA-seq	RNA profiling			1		Drosophila melanogaster		y; cn bw sp	whole organism	embryo: egg stage, embryonic stage, fertilized egg stage, late embryonic stage, unfertilized egg stage, embryonic stage 17	2010-02-01	2010-02-13	replaced	2800 superseded by 2892	SRR023600, SRR023707, SRR023715, SRR023720, SRR023751, SRR023826	
Dev Timecourse Embryo 18-20h RNA-Seq multimapped reads	Celniker	Celniker	RNA-seq	RNA profiling			1		Drosophila melanogaster		y; cn bw sp	whole organism	embryo: egg stage, embryonic stage, late embryonic stage, embryonic stage 17	2010-02-01	2010-02-13	replaced	2801 superseded by 2893	SRR023503, SRR023599, SRR023673, SRR023682, SRR023686, SRR023699, SRR023700, SRR024215, SRR027114, SRR035222	
Dev Timecourse Embryo 20-22h RNA-Seq multimapped reads	Celniker	Celniker	RNA-seq	RNA profiling			1		Drosophila melanogaster		y; cn bw sp	whole organism	embryo: embryonic stage, embryonic stage 17	2010-02-01	2010-02-13	replaced	2802 superseded by 2894	SRR023506, SRR023665, SRR023684, SRR023718, SRR023728, SRR027109	
Dev Timecourse Embryo 22-24h RNA-Seq multimapped reads	Celniker	Celniker	RNA-seq	RNA profiling			1		Drosophila melanogaster		y; cn bw sp	whole organism	embryo: embryonic stage, late embryonic stage, embryonic stage 17	2010-02-01	2010-02-13	replaced	2803 superseded by 2895	SRR023538, SRR023685, SRR023711, SRR023733, SRR023834, SRR024015	
Dev Timecourse Embryo 2-4h RNA-Seq multimapped reads	Celniker	Celniker	RNA-seq	RNA profiling			1		Drosophila melanogaster		y; cn bw sp	whole organism	embryo: early extended germ band stage, embryonic stage, embryonic stage 5-9	2010-02-01	2010-02-13	replaced	2804 superseded by 2885	SRR023502, SRR023660, SRR023705, SRR023722, SRR023745, SRR027112	
Dev Timecourse Embryo 4-6h RNA-Seq multimapped reads	Celniker	Celniker	RNA-seq	RNA profiling			1		Drosophila melanogaster		y; cn bw sp	whole organism	embryo: early extended germ band stage, extended germ band stage, late extended germ band stage, embryonic stage 9-11	2010-02-01	2010-02-13	replaced	2805 superseded by 2886	SRR023539, SRR023669, SRR023696, SRR023746, SRR023836, SRR024014, SRR035220	
Dev Timecourse Embryo 6-8h RNA-Seq multimapped reads	Celniker	Celniker	RNA-seq	RNA profiling			1		Drosophila melanogaster		y; cn bw sp	whole organism	embryo: extended germ band stage, late extended germ band stage, embryonic stage 11-12	2010-02-01	2010-02-13	replaced	2806 superseded by 2887	SRR023504, SRR023654, SRR023668, SRR023688, SRR023691, SRR023732, SRR024009, SRR024217, SRR027113	
Dev Timecourse Embryo 8-10h RNA-Seq multimapped reads	Celniker	Celniker	RNA-seq	RNA profiling			1		Drosophila melanogaster		y; cn bw sp	whole organism	embryo: late extended germ band stage, embryonic stage 12-13	2010-02-01	2010-02-13	replaced	2807 superseded by 2888	SRR023549, SRR023596, SRR023603, SRR023657, SRR023701, SRR023749, SRR023750, SRR023754, SRR023759, SRR024219	
Dev Timecourse Larvae L1 RNA-Seq multimapped reads	Celniker	Celniker	RNA-seq	RNA profiling			1		Drosophila melanogaster		y; cn bw sp	whole organism	larva: first instar larval stage, larval stage	2010-02-01	2010-02-13	replaced	2808 superseded by 2872	SRR023597, SRR023646, SRR023661, SRR023666, SRR023706, SRR023835	
Dev Timecourse Larvae L2 RNA-Seq multimapped reads	Celniker	Celniker	RNA-seq	RNA profiling			1		Drosophila melanogaster		y; cn bw sp	whole organism	larva: larval stage, second instar larval stage	2010-02-01	2010-02-13	replaced	2809 superseded by 2873	SRR023542, SRR023670, SRR023719, SRR023761, SRR023824, SRR024016, SRR035223	
Dev Timecourse Larvae L3 12hr RNA-Seq multimapped reads	Celniker	Celniker	RNA-seq	RNA profiling			1		Drosophila melanogaster		y; cn bw sp	whole organism	larva: larval stage, third instar larval stage	2010-02-01	2010-02-13	replaced	2810 superseded by 2874	SRR023507, SRR023649, SRR023677, SRR023731, SRR023760, SRR027111	
Dev Timecourse Larvae L3 PS1-2 RNA-Seq multimapped reads	Celniker	Celniker	RNA-seq	RNA profiling			1		Drosophila melanogaster		y; cn bw sp	whole organism	larva: larval stage, third instar larval stage	2010-02-01	2010-02-13	replaced	2811 superseded by 2875	SRR023546, SRR023608, SRR023638, SRR023640, SRR023697, SRR023726, SRR023758	
Dev Timecourse Larvae L3 PS3-6 RNA-Seq multimapped reads	Celniker	Celniker	RNA-seq	RNA profiling			1		Drosophila melanogaster		y; cn bw sp	whole organism	larva: larval stage	2010-02-01	2010-02-13	replaced	2812 superseded by 2876	SRR023505, SRR023676, SRR023683, SRR023690, SRR023692, SRR023742, SRR027108	
Dev Timecourse Larvae L3 PS7-9 RNA-Seq multimapped reads	Celniker	Celniker	RNA-seq	RNA profiling			1		Drosophila melanogaster		y; cn bw sp	whole organism	larva: larval stage	2010-02-01	2010-02-13	replaced	2813 superseded by 2877	SRR023729, SRR023739, SRR023782, SRR023865, SRR026433, SRR035219	
Dev Timecourse White Pre-pupae RNA-Seq multimapped reads	Celniker	Celniker	RNA-seq	RNA profiling			1		Drosophila melanogaster		y; cn bw sp	whole organism	larva: prepupal stage, prepupal stage P1	2010-02-01	2010-02-13	replaced	2814 superseded by 2878	SRR023687, SRR023695, SRR023704, SRR023784, SRR023837, SRR026432, SRR035217	
Dev Timecourse White Pre-pupae 12hr RNA-Seq multimapped reads	Celniker	Celniker	RNA-seq	RNA profiling			1		Drosophila melanogaster		y; cn bw sp	whole organism	larva: prepupal stage, prepupal stage P4, prepupal stage P4(i), prepupal stage P4(ii)	2010-02-01	2010-02-13	replaced	2815 superseded by 2879	SRR023544, SRR023639, SRR023647, SRR023689, SRR023716, SRR023833	
Dev Timecourse White Pre-pupae 24hr RNA-Seq multimapped reads	Celniker	Celniker	RNA-seq	RNA profiling			1		Drosophila melanogaster		y; cn bw sp	whole organism	pupae: pupal stage, pupal stage P6	2010-02-01	2010-02-13	replaced	2816 superseded by 2880	SRR023541, SRR023656, SRR023708, SRR023756, SRR023830	
Dev Timecourse White Pre-pupae 2 days RNA-Seq multimapped reads	Celniker	Celniker	RNA-seq	RNA profiling			1		Drosophila melanogaster		y; cn bw sp	whole organism	pupae: pharate adult stage, pharate adult stage P8	2010-02-01	2010-02-13	replaced	2817 superseded by 2881	SRR023667, SRR023721, SRR023743, SRR023785, SRR023829, SRR026431	
Dev Timecourse White Pre-pupae 3 days RNA-Seq multimapped reads	Celniker	Celniker	RNA-seq	RNA profiling			1		Drosophila melanogaster		y; cn bw sp	whole organism	pupae: pharate adult stage, pharate adult stage P9	2010-02-01	2010-02-13	replaced	2818 superseded by 2882	SRR023738, SRR023744, SRR023748, SRR023783, SRR024216, SRR026430, SRR035218	
Dev Timecourse White Pre-pupae 4 days RNA-Seq multimapped reads	Celniker	Celniker	RNA-seq	RNA profiling			1		Drosophila melanogaster		y; cn bw sp	whole organism	pupae: pharate adult stage, pharate adult stage P15, pharate adult stage P15(i)	2010-02-01	2010-02-13	replaced	2819 superseded by 2883	SRR023609, SRR023653, SRR023723, SRR023735, SRR023740, SRR023827	
Lai_Ago2-414_ovary	Lai	Hannon	RNA-seq	RNA profiling		RNAsize=<200bp	1		Drosophila melanogaster		Ago2[414]	ovary	adult: adult stage	2010-01-29	2010-02-08	replaced	2834 deprecated by 3315	GSE24317, GSM609237	
RNAseq - Adult spe-9 23dC 8days post-L4 molt genelets revised	Waterston	Waterston	RNA-seq	RNA profiling			1		Caenorhabditis elegans		BA671	whole organism	adult: adult	2010-01-16	2010-02-04	replaced	2835 superseded by 2947	SRX008136	Adult_spe-9_23dC_8days_post-L4_molt.confirmed_polya.gff3, Adult_spe-9_23dC_8days_post-L4_molt.confirmed_splice_leaders.gff3, Adult_spe-9_23dC_8days_post-L4_molt.genelets.RNASEQ.ws170.gff3, Adult_spe-9_23dC_8days_post-L4_molt.wormbase_transcripts.ws170.gff3, Adult_spe-9_23dC_8days_post-L4_molt.confirmed_introns_all.gff3
RNAseq - Young Adult 25dC 46hrs post-L1 genelets revised	Waterston	Waterston	RNA-seq	RNA profiling			1		Caenorhabditis elegans		N2	whole organism	larva: newly molted young adult hermaphrodite	2010-01-16	2010-02-04	replaced	2836 superseded by 2960	SRX001873	Young_Adult_25dC_46hrs_post-L1.confirmed_splice_leaders.gff3, Young_Adult_25dC_46hrs_post-L1.genelets.RNASEQ.ws170.gff3, Young_Adult_25dC_46hrs_post-L1.confirmed_introns_all.gff3, Young_Adult_25dC_46hrs_post-L1.confirmed_polya.gff3, Young_Adult_25dC_46hrs_post-L1.wormbase_transcripts.ws170.gff3
RNAseq - dauer daf-2 25dC 91hrs post-L1 genelets revised	Waterston	Waterston	RNA-seq	RNA profiling		Version=2	1		Caenorhabditis elegans		CB1370	whole organism	larva: dauer larva	2010-01-16	2010-02-04	replaced	2837 superseded by 2948	SRX008138	dauer_daf-2_25dC_91hrs_post-L1.genelets.RNASEQ.ws170.gff3, dauer_daf-2_25dC_91hrs_post-L1.wormbase_transcripts.ws170.gff3, dauer_daf-2_25dC_91hrs_post-L1.confirmed_introns_all.gff3, dauer_daf-2_25dC_91hrs_post-L1.confirmed_polya.gff3, dauer_daf-2_25dC_91hrs_post-L1.confirmed_splice_leaders.gff3
RNAseq - dauer entry daf-2 25dC 48hrs post-L1 genelets revised	Waterston	Waterston	RNA-seq	RNA profiling		Version=2	1		Caenorhabditis elegans		CB1370	whole organism	larva: L2d-dauer molt	2010-01-16	2010-02-04	replaced	2838 superseded by 2949	SRX008139	dauer_entry_daf-2_25dC_48hrs_post-L1.wormbase_transcripts.ws170.gff3, dauer_entry_daf-2_25dC_48hrs_post-L1.confirmed_introns_all.gff3, dauer_entry_daf-2_25dC_48hrs_post-L1.confirmed_polya.gff3, dauer_entry_daf-2_25dC_48hrs_post-L1.confirmed_splice_leaders.gff3, dauer_entry_daf-2_25dC_48hrs_post-L1.genelets.RNASEQ.ws170.gff3
RNAseq - dauer exit daf-2 25dC 91hrs 15dC 12hrs post-L1 genelets revised	Waterston	Waterston	RNA-seq	RNA profiling		Version=2	1		Caenorhabditis elegans		CB1370	whole organism	larva: post dauer stage	2010-01-16	2010-02-05	replaced	2839 superseded by 2950	SRX008140	dauer_exit_daf-2_25dC_91hrs_15dC_12hrs_post-L1.confirmed_polya.gff3, dauer_exit_daf-2_25dC_91hrs_15dC_12hrs_post-L1.confirmed_introns_all.gff3, dauer_exit_daf-2_25dC_91hrs_15dC_12hrs_post-L1.confirmed_splice_leaders.gff3, dauer_exit_daf-2_25dC_91hrs_15dC_12hrs_post-L1.wormbase_transcripts.ws170.gff3, dauer_exit_daf-2_25dC_91hrs_15dC_12hrs_post-L1.genelets.RNASEQ.ws170.gff3
RNAseq - early embryo genelets revised	Waterston	Waterston	RNA-seq	RNA profiling			1		Caenorhabditis elegans		N2	whole organism	embryo: blastula embryo, gastrulating embryo	2010-01-16	2010-02-18	replaced	2840 superseded by 2951	SRX004863, SRX004864	early_embryo.wormbase_transcripts.ws170.gff3, early_embryo.confirmed_splice_leaders.gff3, early_embryo.genelets.RNASEQ.ws170.gff3, early_embryo.confirmed_introns_all.gff3, early_embryo.confirmed_polya.gff3
RNAseq - embryo him-8 20dC post-L1 genelets revised	Waterston	Waterston	RNA-seq	RNA profiling			1		Caenorhabditis elegans		CB1489	whole organism	embryo: embryo	2010-01-16	2010-02-05	replaced	2841 superseded by 2952	SRX011569	embryo_him-8_20dC_post-L1.confirmed_introns_all.gff3, embryo_him-8_20dC_post-L1.genelets.RNASEQ.ws170.gff3, embryo_him-8_20dC_post-L1.wormbase_transcripts.ws170.gff3, embryo_him-8_20dC_post-L1.confirmed_polya.gff3, embryo_him-8_20dC_post-L1.confirmed_splice_leaders.gff3
RNAseq - late embryo 20dC 4.5hrs post-early embryo genelets revised	Waterston	Waterston	RNA-seq	RNA profiling			1		Caenorhabditis elegans		N2	whole organism	embryo: elongating embryo, enclosing embryo, fully-elongated embryo, late cleavage stage embryo	2010-01-16	2010-02-09	replaced	2842 superseded by 2953	SRX004865, SRX004866	late_embryo_20dC_4.5hrs_post-early_embryo.confirmed_polya.gff3, late_embryo_20dC_4.5hrs_post-early_embryo.genelets.RNASEQ.ws170.gff3, late_embryo_20dC_4.5hrs_post-early_embryo.confirmed_splice_leaders.gff3, late_embryo_20dC_4.5hrs_post-early_embryo.confirmed_introns_all.gff3, late_embryo_20dC_4.5hrs_post-early_embryo.wormbase_transcripts.ws170.gff3
RNAseq - lin-35(n745) mid-L1 25dC 4.0hrs post-L1 genelets revised	Waterston	Waterston	RNA-seq	RNA profiling		Version=2	1		Caenorhabditis elegans		MT10430	whole organism	larva: L1 larva	2010-01-16	2010-02-05	replaced	2843 superseded by 2954	SRX004869	lin-35(n745)_mid-L1_25dC_4.0hrs_post-L1.confirmed_polya.gff3, lin-35(n745)_mid-L1_25dC_4.0hrs_post-L1.genelets.RNASEQ.ws170.gff3, lin-35(n745)_mid-L1_25dC_4.0hrs_post-L1.confirmed_splice_leaders.gff3, lin-35(n745)_mid-L1_25dC_4.0hrs_post-L1.confirmed_introns_all.gff3, lin-35(n745)_mid-L1_25dC_4.0hrs_post-L1.wormbase_transcripts.ws170.gff3
RNAseq - male mid-L4 dpy28(y1);him-8(e1489) 25dC 30hrs post-L1 genelets revised	Waterston	Waterston	RNA-seq	RNA profiling			1		Caenorhabditis elegans		CB4689	whole organism	larva: L4 larva male	2010-01-16	2010-02-05	replaced	2844 superseded by 2959	SRX004868	male_mid-L4_25dC_30hrs_post-L1.wormbase_transcripts.ws170.gff3, male_mid-L4_25dC_30hrs_post-L1.confirmed_splice_leaders.gff3, male_mid-L4_25dC_30hrs_post-L1.confirmed_introns_all.gff3, male_mid-L4_25dC_30hrs_post-L1.confirmed_polya.gff3, male_mid-L4_25dC_30hrs_post-L1.genelets.RNASEQ.ws170.gff3
RNAseq - mid-L1 20dC 4hrs post-L1 genelets revised	Waterston	Waterston	RNA-seq	RNA profiling			1		Caenorhabditis elegans		N2	whole organism	larva: L1 larva	2010-01-16	2010-02-11	replaced	2845 superseded by 2955	SRX004867	mid-L1_20dC_4hrs_post-L1.confirmed_splice_leaders.gff3, mid-L1_20dC_4hrs_post-L1.wormbase_transcripts.ws170.gff3, mid-L1_20dC_4hrs_post-L1.confirmed_polya.gff3, mid-L1_20dC_4hrs_post-L1.genelets.RNASEQ.ws170.gff3, mid-L1_20dC_4hrs_post-L1.confirmed_introns_all.gff3
RNAseq - mid-L2 25dC 14hrs post-L1 genelets revised	Waterston	Waterston	RNA-seq	RNA profiling			1		Caenorhabditis elegans		N2	whole organism	larva: L2 larva	2010-01-16	2010-02-11	replaced	2846 superseded by 2956	SRX001872	mid-L2_25dC_14hrs_post-L1.wormbase_transcripts.ws170.gff3, mid-L2_25dC_14hrs_post-L1.confirmed_introns_all.gff3, mid-L2_25dC_14hrs_post-L1.confirmed_polya.gff3, mid-L2_25dC_14hrs_post-L1.confirmed_splice_leaders.gff3, mid-L2_25dC_14hrs_post-L1.genelets.RNASEQ.ws170.gff3
RNAseq - mid-L3 25dC 25hrs post-L1 genelets revised	Waterston	Waterston	RNA-seq	RNA profiling			1		Caenorhabditis elegans		N2	whole organism	larva: L3 larva	2010-01-16	2010-02-05	replaced	2847 superseded by 2957	SRX001875	mid-L3_25dC_25hrs_post-L1.confirmed_introns_all.gff3, mid-L3_25dC_25hrs_post-L1.confirmed_splice_leaders.gff3, mid-L3_25dC_25hrs_post-L1.wormbase_transcripts.ws170.gff3, mid-L3_25dC_25hrs_post-L1.genelets.RNASEQ.ws170.gff3, mid-L3_25dC_25hrs_post-L1.confirmed_polya.gff3
RNAseq - mid-L4 25dC 36hrs post-L1 genelets revised	Waterston	Waterston	RNA-seq	RNA profiling			1		Caenorhabditis elegans		N2	whole organism	larva: L4 larva	2010-01-16	2010-02-12	replaced	2848 superseded by 2958	SRX001874	mid-L4_25dC_36hrs_post-L1.confirmed_introns_all.gff3, mid-L4_25dC_36hrs_post-L1.confirmed_polya.gff3, mid-L4_25dC_36hrs_post-L1.confirmed_splice_leaders.gff3, mid-L4_25dC_36hrs_post-L1.genelets.RNASEQ.ws170.gff3, mid-L4_25dC_36hrs_post-L1.wormbase_transcripts.ws170.gff3
Ago2 (clone 9D6).D.mel 3rd Instar Larvae Nuclei	Karpen	Elgin	ChIP-chip	chromatin		Target=AGO2;AbName=Ago2 (clone 9D6);Array=38bp;ArrayPlatform=Affymetrix	1		Drosophila melanogaster		Oregon-R-modENCODE	whole organism	larva: larval stage, third instar larval stage	2010-07-22	2011-08-31	replaced	2982 deprecated by 0		repset.9700952.smoothedM.clusters.gff3
Ago2 (clone 9D6).S2	Karpen	Elgin	ChIP-chip	chromatin		Target=AGO2;AbName=Ago2 (clone 9D6);Array=38bp;ArrayPlatform=Affymetrix	1		Drosophila melanogaster	S2-DRSC				2010-07-22	2011-08-31	replaced	2983 deprecated by 0		repset.9276442.smoothedM.clusters.gff3
BRE1(Q4146).S2	Karpen	Kuroda	ChIP-chip	chromatin		Target=Bre1;AbName=BRE1(Q4146);Array=38bp;ArrayPlatform=Affymetrix	1		Drosophila melanogaster	S2-DRSC				2010-07-22	2011-08-31	replaced	2985 deprecated by 0		repset.9699735.smoothedM.clusters.gff3
Lai_MLDmD9_V029	Lai	Lai	RNA-seq	RNA profiling			1		Drosophila melanogaster	ML-DmD9				2010-09-10	2010-11-04	replaced	3192 deprecated by 3512	GSE24605, GSM609248	
Lai_MLDmD32_V035	Lai	Lai	RNA-seq	RNA profiling			1		Drosophila melanogaster	ML-DmD32				2010-09-10	2010-11-04	replaced	3194 deprecated by 3514	GSE24607, GSM609250	
Directed cDNA Full Insert Sequencing v3	Celniker	Celniker	cDNA sequencing	RNA profiling		Sequences=1495	1		Drosophila melanogaster		Oregon-R-P2, y; cn bw sp	adult, adult head, embryo	mixed: adult stage, embryonic stage, larval stage, prepupal stage, pupal stage, embryonic stage 17	2010-11-01	2010-11-09	replaced	3275 superseded by 3720		MIP.gff
XNP (Fyodorov).S2	Karpen	Elgin	ChIP-chip	chromatin		Target=XNP;AbName=XNP (Fyodorov);Array=38bp;ArrayPlatform=Affymetrix	1		Drosophila melanogaster	S2-DRSC				2010-11-08	2011-08-31	replaced	3298 deprecated by 0		repset.9704086.smoothedM.clusters.gff3
RNAseq - N2_EE-2 alignments	Waterston	Waterston	RNA-seq	RNA profiling			1		Caenorhabditis elegans		N2	whole organism	embryo: embryo	2011-02-14	2011-09-12	replaced	3409 superseded by 3884	SRR089784, SRR089785, SRR089786	
RNAseq - N2_LE-1 alignments	Waterston	Waterston	RNA-seq	RNA profiling			1		Caenorhabditis elegans		N2	whole organism	embryo: elongating embryo, enclosing embryo, fully-elongated embryo, late cleavage stage embryo	2011-03-22	2011-05-18	replaced	3515 superseded by 3883	SRR124255, SRR124256, SRR124257	
RNAseq - DauerEntryDAF2-2 alignments	Waterston	Waterston	RNA-seq	RNA profiling			1		Caenorhabditis elegans		N2	whole organism	larva: L2d-dauer molt	2011-03-22	2011-05-18	replaced	3518 superseded by 3903	SRR124275, SRR124276	
RNAseq - EmMalesHIM8-2 alignments	Waterston	Waterston	RNA-seq	RNA profiling			1		Caenorhabditis elegans		N2	whole organism	embryo: embryo	2011-03-22	2011-05-18	replaced	3520 superseded by 3905	SRR089795, SRR125491	
RNAseq - L4JK1107soma-2 alignments	Waterston	Waterston	RNA-seq	RNA profiling			1		Caenorhabditis elegans		N2	whole organism	larva: L4 larva	2011-03-22	2011-05-18	replaced	3522 superseded by 3908	SRR089799	
RNAseq - L4MALE5 alignments	Waterston	Waterston	RNA-seq	RNA profiling			1		Caenorhabditis elegans		N2	whole organism	larva: L4 larva male	2011-03-22	2011-05-18	replaced	3523 superseded by 3909	SRR124273, SRR124274	
RNAseq - N2_L1-1 alignments	Waterston	Waterston	RNA-seq	RNA profiling			1		Caenorhabditis elegans		N2	whole organism	larva: L1 larva	2011-03-22	2011-05-18	replaced	3527 superseded by 3882	SRR089821, SRR089822, SRR089823	
RNAseq - N2_L2-4 alignments	Waterston	Waterston	RNA-seq	RNA profiling			1		Caenorhabditis elegans		N2	whole organism	larva: L2 larva	2011-03-22	2011-05-18	replaced	3528 superseded by 3881	SRR125337, SRR125338, SRR125339	
RNAseq - N2_L3-1 alignments	Waterston	Waterston	RNA-seq	RNA profiling			1		Caenorhabditis elegans		N2	whole organism	larva: L3 larva	2011-03-22	2011-05-18	replaced	3529 superseded by 3880	SRR089405, SRR089406, SRR089407	
RNAseq - N2_Yad-1 alignments	Waterston	Waterston	RNA-seq	RNA profiling			1		Caenorhabditis elegans		N2	whole organism	larva: newly molted young adult hermaphrodite	2011-03-22	2011-05-18	replaced	3532 superseded by 3878	SRR125481, SRR125482	
D. melanogaster y1w67c23 male RNA-seq	Oliver	Oliver	RNA-seq	raw sequences			1		Drosophila melanogaster		D. melanogaster y1w67c	whole organism	adult: adult stage	2011-03-29	2011-05-06	replaced	3618 deprecated by 3632	GSM694260, SRR166809, SRR166810	
D. melanogaster y1w67c23 female RNA-seq	Oliver	Oliver	RNA-seq	raw sequences			1		Drosophila melanogaster		D. melanogaster y1w67c	whole organism	adult: adult stage	2011-03-29	2011-05-06	replaced	3619 deprecated by 3631	GSM694258, SRR166807, SRR166808	
EE_N2_EE-2 alignments	Waterston	Waterston	RNA-seq	RNA profiling			1		Caenorhabditis elegans		N2	whole organism	embryo: embryo	2011-05-12	2011-08-27	replaced	3629 superseded by 3884	SRR016669, SRR016670, SRR016671, SRR016672, SRR016673, SRR016682	
Directed cDNA Full Insert Sequencing v4	Celniker	Celniker	cDNA sequencing	RNA profiling		Sequences=1644	1		Drosophila melanogaster		Oregon-R-P2, y; cn bw sp	adult, adult head, embryo	mixed: adult stage, embryonic stage, larval stage, prepupal stage, pupal stage, embryonic stage 17	2011-05-31	2011-08-09	replaced	3720 deprecated by 3913		MIP.gff
