1011	RNA-seq
1011	RNA-seq
1012	RNA-seq
1012	RNA-seq
1013	RNA-seq
1013	RNA-seq
1014	RNA-seq
1014	RNA-seq
1015	RNA-seq
1015	RNA-seq
1016	RNA-seq
1016	RNA-seq
1017	RNA-seq
1017	RNA-seq
1018	RNA-seq
1018	RNA-seq
1019	RNA-seq
1019	RNA-seq
1020	RNA-seq
1020	RNA-seq
1021	RNA-seq
1021	RNA-seq
1022	RNA-seq
1022	RNA-seq
1023	RNA-seq
1023	RNA-seq
1024	RNA-seq
1024	RNA-seq
1024	RNA-seq
1024	RNA-seq
1025	RNA-seq
1025	RNA-seq
1026	RNA-seq
1026	RNA-seq
1027	RNA-seq
1027	RNA-seq
1028	RNA-seq
1028	RNA-seq
1029	RNA-seq
1029	RNA-seq
1030	RNA-seq
1030	RNA-seq
1031	RNA-seq
1031	RNA-seq
1032	RNA-seq
1032	RNA-seq
1033	RNA-seq
1033	RNA-seq
1033	RNA-seq
1033	RNA-seq
1034	RNA-seq
1034	RNA-seq
2002	RNA-seq
2003	RNA-seq
2004	RNA-seq
2005	RNA-seq
2006	RNA-seq
2007	RNA-seq
2008	RNA-seq
2009	RNA-seq
2010	RNA-seq
2010	RNA-seq
2019	RNA-seq
2019	RNA-seq
2020	RNA-seq
2020	RNA-seq
2021	RNA-seq
2021	RNA-seq
2022	RNA-seq
2022	RNA-seq
2023	RNA-seq
2023	RNA-seq
2024	RNA-seq
2024	RNA-seq
2025	RNA-seq
2025	RNA-seq
2026	RNA-seq
2026	RNA-seq
2027	RNA-seq
2027	RNA-seq
2029	RNA-seq
2029	RNA-seq
2030	RNA-seq
2030	RNA-seq
2301	RNA-seq
2301	RNA-seq
2302	RNA-seq
2302	RNA-seq
2305	RNA-seq
2305	RNA-seq
2321	RNA-seq
2321	RNA-seq
2321	RNA-seq
2321	RNA-seq
2321	RNA-seq
2324	RNA-seq
2324	RNA-seq
2324	RNA-seq
2324	RNA-seq
2324	RNA-seq
2325	RNA-seq
2325	RNA-seq
2325	RNA-seq
2325	RNA-seq
2326	RNA-seq
2326	RNA-seq
2326	RNA-seq
2326	RNA-seq
2343	RNA-seq
2343	RNA-seq
2343	RNA-seq
2343	RNA-seq
2345	RNA-seq
2345	RNA-seq
2345	RNA-seq
2345	RNA-seq
2346	RNA-seq
2346	RNA-seq
2346	RNA-seq
2346	RNA-seq
2347	RNA-seq
2347	RNA-seq
2347	RNA-seq
2347	RNA-seq
2349	RNA-seq
2349	RNA-seq
2349	RNA-seq
2349	RNA-seq
2351	RNA-seq
2351	RNA-seq
2351	RNA-seq
2351	RNA-seq
2352	RNA-seq
2352	RNA-seq
2352	RNA-seq
2352	RNA-seq
2353	RNA-seq
2353	RNA-seq
2353	RNA-seq
2353	RNA-seq
2354	RNA-seq
2354	RNA-seq
2354	RNA-seq
2354	RNA-seq
2374	RNA-seq
2374	RNA-seq
2375	RNA-seq
2375	RNA-seq
2376	RNA-seq
2376	RNA-seq
2381	RNA-seq
2381	RNA-seq
2387	RNA-seq
2387	RNA-seq
2387	RNA-seq
2387	RNA-seq
2416	ChIP-seq
2416	ChIP-seq
2416	ChIP-seq
2416	ChIP-seq
2416	ChIP-seq
2416	ChIP-seq
2416	ChIP-seq
2416	ChIP-seq
2416	ChIP-seq
2416	ChIP-seq
2416	ChIP-seq
2418	ChIP-seq
2418	ChIP-seq
2418	ChIP-seq
2418	ChIP-seq
2418	ChIP-seq
2418	ChIP-seq
2418	ChIP-seq
2418	ChIP-seq
2418	ChIP-seq
2429	ChIP-seq
2429	ChIP-seq
2429	ChIP-seq
2429	ChIP-seq
2429	ChIP-seq
2429	ChIP-seq
2430	ChIP-seq
2430	ChIP-seq
2430	ChIP-seq
2430	ChIP-seq
2430	ChIP-seq
2430	ChIP-seq
2431	ChIP-seq
2431	ChIP-seq
2431	ChIP-seq
2431	ChIP-seq
2431	ChIP-seq
2431	ChIP-seq
2432	ChIP-seq
2432	ChIP-seq
2432	ChIP-seq
2432	ChIP-seq
2432	ChIP-seq
2432	ChIP-seq
2433	ChIP-seq
2433	ChIP-seq
2433	ChIP-seq
2433	ChIP-seq
2433	ChIP-seq
2433	ChIP-seq
2435	ChIP-seq
2435	ChIP-seq
2435	ChIP-seq
2435	ChIP-seq
2435	ChIP-seq
2435	ChIP-seq
2436	ChIP-seq
2436	ChIP-seq
2436	ChIP-seq
2436	ChIP-seq
2436	ChIP-seq
2436	ChIP-seq
2437	ChIP-seq
2437	ChIP-seq
2437	ChIP-seq
2437	ChIP-seq
2437	ChIP-seq
2437	ChIP-seq
2438	ChIP-seq
2438	ChIP-seq
2438	ChIP-seq
2438	ChIP-seq
2438	ChIP-seq
2438	ChIP-seq
2439	ChIP-seq
2439	ChIP-seq
2439	ChIP-seq
2439	ChIP-seq
2439	ChIP-seq
2439	ChIP-seq
2440	ChIP-seq
2440	ChIP-seq
2440	ChIP-seq
2440	ChIP-seq
2440	ChIP-seq
2440	ChIP-seq
2441	ChIP-seq
2441	ChIP-seq
2441	ChIP-seq
2441	ChIP-seq
2441	ChIP-seq
2441	ChIP-seq
2451	ChIP-seq
2451	ChIP-seq
2451	ChIP-seq
2451	ChIP-seq
2451	ChIP-seq
2451	ChIP-seq
2483	RNA-seq
2485	RNA-seq
2486	RNA-seq
2487	RNA-seq
2488	RNA-seq
2489	RNA-seq
2543	RNA-seq
2543	RNA-seq
2546	RNA-seq
2546	RNA-seq
2554	RNA-seq
2554	RNA-seq
2555	RNA-seq
2555	RNA-seq
2556	RNA-seq
2556	RNA-seq
2580	RNA-seq
2580	RNA-seq
2580	RNA-seq
2580	RNA-seq
2581	RNA-seq
2581	RNA-seq
2581	RNA-seq
2581	RNA-seq
2582	RNA-seq
2582	RNA-seq
2582	RNA-seq
2582	RNA-seq
2583	RNA-seq
2583	RNA-seq
2583	RNA-seq
2583	RNA-seq
2584	RNA-seq
2584	RNA-seq
2584	RNA-seq
2584	RNA-seq
2586	RNA-seq
2586	RNA-seq
2586	RNA-seq
2587	RNA-seq
2587	RNA-seq
2587	RNA-seq
2587	RNA-seq
2587	RNA-seq
2587	RNA-seq
2587	RNA-seq
2587	RNA-seq
2587	RNA-seq
2588	RNA-seq
2588	RNA-seq
2588	RNA-seq
2588	RNA-seq
2588	RNA-seq
2588	RNA-seq
2588	RNA-seq
2588	RNA-seq
2588	RNA-seq
2589	RNA-seq
2589	RNA-seq
2589	RNA-seq
2589	RNA-seq
2589	RNA-seq
2589	RNA-seq
2589	RNA-seq
2589	RNA-seq
2589	RNA-seq
2590	RNA-seq
2590	RNA-seq
2590	RNA-seq
2590	RNA-seq
2590	RNA-seq
2590	RNA-seq
2590	RNA-seq
2590	RNA-seq
2590	RNA-seq
2591	RNA-seq
2591	RNA-seq
2591	RNA-seq
2591	RNA-seq
2591	RNA-seq
2591	RNA-seq
2591	RNA-seq
2591	RNA-seq
2591	RNA-seq
2592	RNA-seq
2592	RNA-seq
2592	RNA-seq
2593	RNA-seq
2593	RNA-seq
2593	RNA-seq
2594	RNA-seq
2594	RNA-seq
2594	RNA-seq
2597	ChIP-seq
2597	ChIP-seq
2597	ChIP-seq
2597	ChIP-seq
2597	ChIP-seq
2597	ChIP-seq
2598	ChIP-seq
2598	ChIP-seq
2598	ChIP-seq
2598	ChIP-seq
2598	ChIP-seq
2598	ChIP-seq
2600	ChIP-seq
2600	ChIP-seq
2600	ChIP-seq
2600	ChIP-seq
2600	ChIP-seq
2600	ChIP-seq
2601	ChIP-seq
2601	ChIP-seq
2601	ChIP-seq
2601	ChIP-seq
2601	ChIP-seq
2601	ChIP-seq
2605	RNA-seq
2605	RNA-seq
2605	RNA-seq
2605	RNA-seq
2605	RNA-seq
2605	RNA-seq
2605	RNA-seq
2605	RNA-seq
2606	RNA-seq
2606	RNA-seq
2606	RNA-seq
2606	RNA-seq
2608	RNA-seq
2608	RNA-seq
2608	RNA-seq
2608	RNA-seq
2610	ChIP-seq
2610	ChIP-seq
2610	ChIP-seq
2610	ChIP-seq
2610	ChIP-seq
2610	ChIP-seq
2612	ChIP-seq
2612	ChIP-seq
2612	ChIP-seq
2612	ChIP-seq
2612	ChIP-seq
2612	ChIP-seq
2613	ChIP-seq
2613	ChIP-seq
2613	ChIP-seq
2613	ChIP-seq
2613	ChIP-seq
2613	ChIP-seq
2614	ChIP-seq
2614	ChIP-seq
2614	ChIP-seq
2614	ChIP-seq
2614	ChIP-seq
2614	ChIP-seq
2617	ChIP-seq
2617	ChIP-seq
2617	ChIP-seq
2617	ChIP-seq
2617	ChIP-seq
2617	ChIP-seq
2620	ChIP-seq
2620	ChIP-seq
2620	ChIP-seq
2620	ChIP-seq
2620	ChIP-seq
2620	ChIP-seq
2621	ChIP-seq
2621	ChIP-seq
2621	ChIP-seq
2621	ChIP-seq
2621	ChIP-seq
2621	ChIP-seq
2622	ChIP-seq
2622	ChIP-seq
2622	ChIP-seq
2622	ChIP-seq
2622	ChIP-seq
2622	ChIP-seq
2623	ChIP-seq
2623	ChIP-seq
2623	ChIP-seq
2623	ChIP-seq
2623	ChIP-seq
2623	ChIP-seq
2625	ChIP-seq
2625	ChIP-seq
2625	ChIP-seq
2625	ChIP-seq
2626	ChIP-seq
2626	ChIP-seq
2626	ChIP-seq
2626	ChIP-seq
2626	ChIP-seq
2627	ChIP-seq
2627	ChIP-seq
2627	ChIP-seq
2627	ChIP-seq
2628	ChIP-seq
2628	ChIP-seq
2628	ChIP-seq
2628	ChIP-seq
2629	ChIP-seq
2629	ChIP-seq
2629	ChIP-seq
2629	ChIP-seq
2630	ChIP-seq
2630	ChIP-seq
2630	ChIP-seq
2630	ChIP-seq
2631	ChIP-seq
2631	ChIP-seq
2631	ChIP-seq
2631	ChIP-seq
2632	ChIP-seq
2632	ChIP-seq
2632	ChIP-seq
2632	ChIP-seq
2633	ChIP-seq
2633	ChIP-seq
2633	ChIP-seq
2633	ChIP-seq
2634	ChIP-seq
2634	ChIP-seq
2634	ChIP-seq
2634	ChIP-seq
2635	ChIP-seq
2635	ChIP-seq
2635	ChIP-seq
2635	ChIP-seq
2636	ChIP-seq
2636	ChIP-seq
2636	ChIP-seq
2636	ChIP-seq
2637	ChIP-seq
2637	ChIP-seq
2637	ChIP-seq
2637	ChIP-seq
2640	ChIP-seq
2640	ChIP-seq
2640	ChIP-seq
2640	ChIP-seq
2640	ChIP-seq
2640	ChIP-seq
2641	ChIP-seq
2641	ChIP-seq
2641	ChIP-seq
2641	ChIP-seq
2641	ChIP-seq
2641	ChIP-seq
2642	ChIP-seq
2642	ChIP-seq
2642	ChIP-seq
2642	ChIP-seq
2642	ChIP-seq
2642	ChIP-seq
2676	RNA-seq
2676	RNA-seq
2676	RNA-seq
2677	RNA-seq
2677	RNA-seq
2677	RNA-seq
2678	RNA-seq
2678	RNA-seq
2678	RNA-seq
2679	RNA-seq
2679	RNA-seq
2679	RNA-seq
2680	RNA-seq
2680	RNA-seq
2680	RNA-seq
2681	RNA-seq
2681	RNA-seq
2681	RNA-seq
2682	RNA-seq
2682	RNA-seq
2682	RNA-seq
2683	RNA-seq
2683	RNA-seq
2683	RNA-seq
2684	RNA-seq
2684	RNA-seq
2684	RNA-seq
2685	RNA-seq
2685	RNA-seq
2685	RNA-seq
2686	RNA-seq
2686	RNA-seq
2686	RNA-seq
2687	RNA-seq
2687	RNA-seq
2687	RNA-seq
2719	RNA-seq
2721	RNA-seq
2721	RNA-seq
2722	RNA-seq
2725	RNA-seq
2725	RNA-seq
2730	RNA-seq
2730	RNA-seq
2730	RNA-seq
2730	RNA-seq
2732	RNA-seq
2732	RNA-seq
2733	RNA-seq
2733	RNA-seq
2733	RNA-seq
2733	RNA-seq
2734	RNA-seq
2734	RNA-seq
2741	RNA-seq
2741	RNA-seq
2742	RNA-seq
2743	RNA-seq
2744	RNA-seq
2746	RNA-seq
2748	RNA-seq
2749	RNA-seq
2751	RNA-seq
2753	ChIP-seq
2753	ChIP-seq
2753	ChIP-seq
2753	ChIP-seq
2753	ChIP-seq
2753	ChIP-seq
2753	ChIP-seq
2753	ChIP-seq
2753	ChIP-seq
2753	ChIP-seq
2754	ChIP-seq
2754	ChIP-seq
2754	ChIP-seq
2754	ChIP-seq
2754	ChIP-seq
2754	ChIP-seq
2754	ChIP-seq
2754	ChIP-seq
2754	ChIP-seq
2755	ChIP-seq
2755	ChIP-seq
2755	ChIP-seq
2755	ChIP-seq
2755	ChIP-seq
2755	ChIP-seq
2755	ChIP-seq
2755	ChIP-seq
2755	ChIP-seq
2776	RNA-seq
2776	RNA-seq
2776	RNA-seq
2777	RNA-seq
2777	RNA-seq
2777	RNA-seq
2778	RNA-seq
2778	RNA-seq
2778	RNA-seq
2779	RNA-seq
2779	RNA-seq
2779	RNA-seq
2780	RNA-seq
2780	RNA-seq
2780	RNA-seq
2781	RNA-seq
2781	RNA-seq
2781	RNA-seq
2782	RNA-seq
2782	RNA-seq
2782	RNA-seq
2783	ChIP-seq
2783	ChIP-seq
2783	ChIP-seq
2783	ChIP-seq
2783	ChIP-seq
2783	ChIP-seq
2783	ChIP-seq
2783	ChIP-seq
2783	ChIP-seq
2785	RNA-seq
2785	RNA-seq
2785	RNA-seq
2785	RNA-seq
2785	RNA-seq
2786	RNA-seq
2786	RNA-seq
2786	RNA-seq
2787	RNA-seq
2787	RNA-seq
2787	RNA-seq
2787	RNA-seq
2787	RNA-seq
2788	RNA-seq
2788	RNA-seq
2788	RNA-seq
2820	RNA-seq
2821	RNA-seq
2821	RNA-seq
2822	RNA-seq
2822	RNA-seq
2823	RNA-seq
2823	RNA-seq
2825	RNA-seq
2825	RNA-seq
2826	RNA-seq
2826	RNA-seq
2827	RNA-seq
2827	RNA-seq
2828	RNA-seq
2828	RNA-seq
2829	RNA-seq
2829	RNA-seq
2830	RNA-seq
2830	RNA-seq
2831	RNA-seq
2831	RNA-seq
2832	RNA-seq
2832	RNA-seq
2833	RNA-seq
2834	RNA-seq
2835	RNA-seq
2835	RNA-seq
2835	RNA-seq
2835	RNA-seq
2835	RNA-seq
2835	RNA-seq
2835	RNA-seq
2835	RNA-seq
2835	RNA-seq
2836	RNA-seq
2836	RNA-seq
2836	RNA-seq
2836	RNA-seq
2836	RNA-seq
2836	RNA-seq
2836	RNA-seq
2836	RNA-seq
2836	RNA-seq
2837	RNA-seq
2837	RNA-seq
2837	RNA-seq
2837	RNA-seq
2837	RNA-seq
2837	RNA-seq
2837	RNA-seq
2837	RNA-seq
2837	RNA-seq
2838	RNA-seq
2838	RNA-seq
2838	RNA-seq
2838	RNA-seq
2838	RNA-seq
2838	RNA-seq
2838	RNA-seq
2838	RNA-seq
2838	RNA-seq
2839	RNA-seq
2839	RNA-seq
2839	RNA-seq
2839	RNA-seq
2839	RNA-seq
2839	RNA-seq
2839	RNA-seq
2839	RNA-seq
2839	RNA-seq
2840	RNA-seq
2840	RNA-seq
2840	RNA-seq
2840	RNA-seq
2840	RNA-seq
2840	RNA-seq
2840	RNA-seq
2840	RNA-seq
2840	RNA-seq
2841	RNA-seq
2841	RNA-seq
2841	RNA-seq
2841	RNA-seq
2841	RNA-seq
2841	RNA-seq
2841	RNA-seq
2841	RNA-seq
2841	RNA-seq
2842	RNA-seq
2842	RNA-seq
2842	RNA-seq
2842	RNA-seq
2842	RNA-seq
2842	RNA-seq
2842	RNA-seq
2842	RNA-seq
2842	RNA-seq
2843	RNA-seq
2843	RNA-seq
2843	RNA-seq
2843	RNA-seq
2843	RNA-seq
2843	RNA-seq
2843	RNA-seq
2843	RNA-seq
2843	RNA-seq
2844	RNA-seq
2844	RNA-seq
2844	RNA-seq
2844	RNA-seq
2844	RNA-seq
2844	RNA-seq
2844	RNA-seq
2844	RNA-seq
2844	RNA-seq
2845	RNA-seq
2845	RNA-seq
2845	RNA-seq
2845	RNA-seq
2845	RNA-seq
2845	RNA-seq
2845	RNA-seq
2845	RNA-seq
2845	RNA-seq
2846	RNA-seq
2846	RNA-seq
2846	RNA-seq
2846	RNA-seq
2846	RNA-seq
2846	RNA-seq
2846	RNA-seq
2846	RNA-seq
2846	RNA-seq
2847	RNA-seq
2847	RNA-seq
2847	RNA-seq
2847	RNA-seq
2847	RNA-seq
2847	RNA-seq
2847	RNA-seq
2847	RNA-seq
2847	RNA-seq
2848	RNA-seq
2848	RNA-seq
2848	RNA-seq
2848	RNA-seq
2848	RNA-seq
2848	RNA-seq
2848	RNA-seq
2848	RNA-seq
2848	RNA-seq
2866	RNA-seq
2866	RNA-seq
2866	RNA-seq
2866	RNA-seq
2866	RNA-seq
2866	RNA-seq
2866	RNA-seq
2866	RNA-seq
2866	RNA-seq
2866	RNA-seq
2866	RNA-seq
2866	RNA-seq
2866	RNA-seq
2866	RNA-seq
2866	RNA-seq
2866	RNA-seq
2867	RNA-seq
2867	RNA-seq
2867	RNA-seq
2867	RNA-seq
2867	RNA-seq
2867	RNA-seq
2867	RNA-seq
2867	RNA-seq
2867	RNA-seq
2867	RNA-seq
2867	RNA-seq
2867	RNA-seq
2867	RNA-seq
2867	RNA-seq
2867	RNA-seq
2867	RNA-seq
2868	RNA-seq
2868	RNA-seq
2868	RNA-seq
2868	RNA-seq
2868	RNA-seq
2868	RNA-seq
2868	RNA-seq
2868	RNA-seq
2868	RNA-seq
2868	RNA-seq
2868	RNA-seq
2868	RNA-seq
2868	RNA-seq
2868	RNA-seq
2868	RNA-seq
2868	RNA-seq
2869	RNA-seq
2869	RNA-seq
2869	RNA-seq
2869	RNA-seq
2869	RNA-seq
2869	RNA-seq
2869	RNA-seq
2869	RNA-seq
2869	RNA-seq
2869	RNA-seq
2869	RNA-seq
2869	RNA-seq
2869	RNA-seq
2869	RNA-seq
2870	RNA-seq
2870	RNA-seq
2870	RNA-seq
2870	RNA-seq
2870	RNA-seq
2870	RNA-seq
2870	RNA-seq
2870	RNA-seq
2870	RNA-seq
2870	RNA-seq
2870	RNA-seq
2870	RNA-seq
2870	RNA-seq
2870	RNA-seq
2870	RNA-seq
2870	RNA-seq
2871	RNA-seq
2871	RNA-seq
2871	RNA-seq
2871	RNA-seq
2871	RNA-seq
2871	RNA-seq
2871	RNA-seq
2871	RNA-seq
2871	RNA-seq
2871	RNA-seq
2871	RNA-seq
2871	RNA-seq
2871	RNA-seq
2871	RNA-seq
2871	RNA-seq
2871	RNA-seq
2871	RNA-seq
2871	RNA-seq
2871	RNA-seq
2871	RNA-seq
2871	RNA-seq
2871	RNA-seq
2871	RNA-seq
2871	RNA-seq
2872	RNA-seq
2872	RNA-seq
2872	RNA-seq
2872	RNA-seq
2872	RNA-seq
2872	RNA-seq
2872	RNA-seq
2872	RNA-seq
2872	RNA-seq
2872	RNA-seq
2872	RNA-seq
2872	RNA-seq
2872	RNA-seq
2872	RNA-seq
2873	RNA-seq
2873	RNA-seq
2873	RNA-seq
2873	RNA-seq
2873	RNA-seq
2873	RNA-seq
2873	RNA-seq
2873	RNA-seq
2873	RNA-seq
2873	RNA-seq
2873	RNA-seq
2873	RNA-seq
2873	RNA-seq
2873	RNA-seq
2873	RNA-seq
2873	RNA-seq
2873	RNA-seq
2873	RNA-seq
2874	RNA-seq
2874	RNA-seq
2874	RNA-seq
2874	RNA-seq
2874	RNA-seq
2874	RNA-seq
2874	RNA-seq
2874	RNA-seq
2874	RNA-seq
2874	RNA-seq
2874	RNA-seq
2874	RNA-seq
2875	RNA-seq
2875	RNA-seq
2875	RNA-seq
2875	RNA-seq
2875	RNA-seq
2875	RNA-seq
2875	RNA-seq
2875	RNA-seq
2875	RNA-seq
2875	RNA-seq
2875	RNA-seq
2875	RNA-seq
2875	RNA-seq
2875	RNA-seq
2875	RNA-seq
2875	RNA-seq
2876	RNA-seq
2876	RNA-seq
2876	RNA-seq
2876	RNA-seq
2876	RNA-seq
2876	RNA-seq
2876	RNA-seq
2876	RNA-seq
2876	RNA-seq
2876	RNA-seq
2876	RNA-seq
2876	RNA-seq
2876	RNA-seq
2876	RNA-seq
2877	RNA-seq
2877	RNA-seq
2877	RNA-seq
2877	RNA-seq
2877	RNA-seq
2877	RNA-seq
2877	RNA-seq
2877	RNA-seq
2877	RNA-seq
2877	RNA-seq
2877	RNA-seq
2877	RNA-seq
2877	RNA-seq
2877	RNA-seq
2878	RNA-seq
2878	RNA-seq
2878	RNA-seq
2878	RNA-seq
2878	RNA-seq
2878	RNA-seq
2878	RNA-seq
2878	RNA-seq
2878	RNA-seq
2878	RNA-seq
2878	RNA-seq
2878	RNA-seq
2878	RNA-seq
2878	RNA-seq
2879	RNA-seq
2879	RNA-seq
2879	RNA-seq
2879	RNA-seq
2879	RNA-seq
2879	RNA-seq
2879	RNA-seq
2879	RNA-seq
2879	RNA-seq
2879	RNA-seq
2879	RNA-seq
2879	RNA-seq
2879	RNA-seq
2879	RNA-seq
2880	RNA-seq
2880	RNA-seq
2880	RNA-seq
2880	RNA-seq
2880	RNA-seq
2880	RNA-seq
2880	RNA-seq
2880	RNA-seq
2880	RNA-seq
2880	RNA-seq
2880	RNA-seq
2880	RNA-seq
2881	RNA-seq
2881	RNA-seq
2881	RNA-seq
2881	RNA-seq
2881	RNA-seq
2881	RNA-seq
2881	RNA-seq
2881	RNA-seq
2881	RNA-seq
2881	RNA-seq
2881	RNA-seq
2881	RNA-seq
2882	RNA-seq
2882	RNA-seq
2882	RNA-seq
2882	RNA-seq
2882	RNA-seq
2882	RNA-seq
2882	RNA-seq
2882	RNA-seq
2882	RNA-seq
2882	RNA-seq
2882	RNA-seq
2882	RNA-seq
2882	RNA-seq
2882	RNA-seq
2882	RNA-seq
2882	RNA-seq
2883	RNA-seq
2883	RNA-seq
2883	RNA-seq
2883	RNA-seq
2883	RNA-seq
2883	RNA-seq
2883	RNA-seq
2883	RNA-seq
2883	RNA-seq
2883	RNA-seq
2883	RNA-seq
2883	RNA-seq
2883	RNA-seq
2883	RNA-seq
2884	RNA-seq
2884	RNA-seq
2884	RNA-seq
2884	RNA-seq
2884	RNA-seq
2884	RNA-seq
2884	RNA-seq
2884	RNA-seq
2884	RNA-seq
2884	RNA-seq
2884	RNA-seq
2884	RNA-seq
2884	RNA-seq
2884	RNA-seq
2884	RNA-seq
2884	RNA-seq
2884	RNA-seq
2884	RNA-seq
2884	RNA-seq
2884	RNA-seq
2885	RNA-seq
2885	RNA-seq
2885	RNA-seq
2885	RNA-seq
2885	RNA-seq
2885	RNA-seq
2885	RNA-seq
2885	RNA-seq
2885	RNA-seq
2885	RNA-seq
2885	RNA-seq
2885	RNA-seq
2886	RNA-seq
2886	RNA-seq
2886	RNA-seq
2886	RNA-seq
2886	RNA-seq
2886	RNA-seq
2886	RNA-seq
2886	RNA-seq
2886	RNA-seq
2886	RNA-seq
2886	RNA-seq
2886	RNA-seq
2886	RNA-seq
2886	RNA-seq
2886	RNA-seq
2886	RNA-seq
2886	RNA-seq
2886	RNA-seq
2887	RNA-seq
2887	RNA-seq
2887	RNA-seq
2887	RNA-seq
2887	RNA-seq
2887	RNA-seq
2887	RNA-seq
2887	RNA-seq
2887	RNA-seq
2887	RNA-seq
2887	RNA-seq
2887	RNA-seq
2887	RNA-seq
2887	RNA-seq
2887	RNA-seq
2887	RNA-seq
2887	RNA-seq
2887	RNA-seq
2887	RNA-seq
2887	RNA-seq
2887	RNA-seq
2887	RNA-seq
2888	RNA-seq
2888	RNA-seq
2888	RNA-seq
2888	RNA-seq
2888	RNA-seq
2888	RNA-seq
2888	RNA-seq
2888	RNA-seq
2888	RNA-seq
2888	RNA-seq
2888	RNA-seq
2888	RNA-seq
2888	RNA-seq
2888	RNA-seq
2888	RNA-seq
2888	RNA-seq
2888	RNA-seq
2888	RNA-seq
2888	RNA-seq
2888	RNA-seq
2888	RNA-seq
2888	RNA-seq
2889	RNA-seq
2889	RNA-seq
2889	RNA-seq
2889	RNA-seq
2889	RNA-seq
2889	RNA-seq
2889	RNA-seq
2889	RNA-seq
2889	RNA-seq
2889	RNA-seq
2889	RNA-seq
2889	RNA-seq
2889	RNA-seq
2889	RNA-seq
2889	RNA-seq
2889	RNA-seq
2889	RNA-seq
2889	RNA-seq
2890	RNA-seq
2890	RNA-seq
2890	RNA-seq
2890	RNA-seq
2890	RNA-seq
2890	RNA-seq
2890	RNA-seq
2890	RNA-seq
2890	RNA-seq
2890	RNA-seq
2890	RNA-seq
2890	RNA-seq
2890	RNA-seq
2890	RNA-seq
2890	RNA-seq
2890	RNA-seq
2890	RNA-seq
2890	RNA-seq
2891	RNA-seq
2891	RNA-seq
2891	RNA-seq
2891	RNA-seq
2891	RNA-seq
2891	RNA-seq
2891	RNA-seq
2891	RNA-seq
2891	RNA-seq
2891	RNA-seq
2891	RNA-seq
2891	RNA-seq
2891	RNA-seq
2891	RNA-seq
2891	RNA-seq
2891	RNA-seq
2891	RNA-seq
2891	RNA-seq
2892	RNA-seq
2892	RNA-seq
2892	RNA-seq
2892	RNA-seq
2892	RNA-seq
2892	RNA-seq
2892	RNA-seq
2892	RNA-seq
2892	RNA-seq
2892	RNA-seq
2892	RNA-seq
2892	RNA-seq
2892	RNA-seq
2892	RNA-seq
2893	RNA-seq
2893	RNA-seq
2893	RNA-seq
2893	RNA-seq
2893	RNA-seq
2893	RNA-seq
2893	RNA-seq
2893	RNA-seq
2893	RNA-seq
2893	RNA-seq
2893	RNA-seq
2893	RNA-seq
2893	RNA-seq
2893	RNA-seq
2893	RNA-seq
2893	RNA-seq
2893	RNA-seq
2893	RNA-seq
2893	RNA-seq
2893	RNA-seq
2893	RNA-seq
2893	RNA-seq
2894	RNA-seq
2894	RNA-seq
2894	RNA-seq
2894	RNA-seq
2894	RNA-seq
2894	RNA-seq
2894	RNA-seq
2894	RNA-seq
2894	RNA-seq
2894	RNA-seq
2894	RNA-seq
2894	RNA-seq
2895	RNA-seq
2895	RNA-seq
2895	RNA-seq
2895	RNA-seq
2895	RNA-seq
2895	RNA-seq
2895	RNA-seq
2895	RNA-seq
2895	RNA-seq
2895	RNA-seq
2895	RNA-seq
2895	RNA-seq
2895	RNA-seq
2895	RNA-seq
2971	RNA-seq
2971	RNA-seq
2972	RNA-seq
2972	RNA-seq
2973	RNA-seq
2973	RNA-seq
2973	RNA-seq
2973	RNA-seq
2975	RNA-seq
2975	RNA-seq
2980	RNA-seq
2980	RNA-seq
2980	RNA-seq
2980	RNA-seq
2980	RNA-seq
2980	RNA-seq
2980	RNA-seq
2980	RNA-seq
2980	RNA-seq
2980	RNA-seq
2980	RNA-seq
3083	RNA-seq
3083	RNA-seq
3083	RNA-seq
3083	RNA-seq
3083	RNA-seq
3083	RNA-seq
3083	RNA-seq
3083	RNA-seq
3083	RNA-seq
3083	RNA-seq
3083	RNA-seq
3083	RNA-seq
3084	RNA-seq
3084	RNA-seq
3084	RNA-seq
3084	RNA-seq
3084	RNA-seq
3084	RNA-seq
3084	RNA-seq
3084	RNA-seq
3084	RNA-seq
3084	RNA-seq
3084	RNA-seq
3084	RNA-seq
3085	RNA-seq
3085	RNA-seq
3085	RNA-seq
3085	RNA-seq
3085	RNA-seq
3085	RNA-seq
3085	RNA-seq
3085	RNA-seq
3085	RNA-seq
3085	RNA-seq
3085	RNA-seq
3086	RNA-seq
3086	RNA-seq
3086	RNA-seq
3086	RNA-seq
3086	RNA-seq
3086	RNA-seq
3086	RNA-seq
3086	RNA-seq
3086	RNA-seq
3086	RNA-seq
3086	RNA-seq
3086	RNA-seq
3086	RNA-seq
3087	RNA-seq
3087	RNA-seq
3087	RNA-seq
3087	RNA-seq
3087	RNA-seq
3087	RNA-seq
3087	RNA-seq
3087	RNA-seq
3087	RNA-seq
3087	RNA-seq
3087	RNA-seq
3087	RNA-seq
3087	RNA-seq
3190	RNA-seq
3190	RNA-seq
3192	RNA-seq
3192	RNA-seq
3193	RNA-seq
3193	RNA-seq
3194	RNA-seq
3194	RNA-seq
3195	RNA-seq
3195	RNA-seq
342	RNA-seq
342	RNA-seq
342	RNA-seq
342	RNA-seq
342	RNA-seq
342	RNA-seq
342	RNA-seq
342	RNA-seq
342	RNA-seq
343	RNA-seq
343	RNA-seq
360	RNA-seq
360	RNA-seq
360	RNA-seq
360	RNA-seq
360	RNA-seq
360	RNA-seq
362	RNA-seq
362	RNA-seq
362	RNA-seq
362	RNA-seq
362	RNA-seq
362	RNA-seq
362	RNA-seq
362	RNA-seq
362	RNA-seq
362	RNA-seq
364	RNA-seq
364	RNA-seq
364	RNA-seq
364	RNA-seq
364	RNA-seq
364	RNA-seq
364	RNA-seq
364	RNA-seq
364	RNA-seq
366	RNA-seq
366	RNA-seq
366	RNA-seq
366	RNA-seq
366	RNA-seq
526	RNA-seq
526	RNA-seq
582	ChIP-seq
582	ChIP-seq
582	ChIP-seq
582	ChIP-seq
582	ChIP-seq
582	ChIP-seq
582	ChIP-seq
582	ChIP-seq
582	ChIP-seq
584	ChIP-seq
584	ChIP-seq
584	ChIP-seq
584	ChIP-seq
584	ChIP-seq
584	ChIP-seq
584	ChIP-seq
584	ChIP-seq
584	ChIP-seq
585	ChIP-seq
585	ChIP-seq
585	ChIP-seq
585	ChIP-seq
585	ChIP-seq
585	ChIP-seq
585	ChIP-seq
586	ChIP-seq
586	ChIP-seq
586	ChIP-seq
586	ChIP-seq
586	ChIP-seq
586	ChIP-seq
586	ChIP-seq
586	ChIP-seq
586	ChIP-seq
586	ChIP-seq
587	ChIP-seq
587	ChIP-seq
587	ChIP-seq
587	ChIP-seq
587	ChIP-seq
587	ChIP-seq
587	ChIP-seq
588	ChIP-seq
588	ChIP-seq
588	ChIP-seq
588	ChIP-seq
588	ChIP-seq
588	ChIP-seq
588	ChIP-seq
588	ChIP-seq
588	ChIP-seq
588	ChIP-seq
589	ChIP-seq
589	ChIP-seq
589	ChIP-seq
589	ChIP-seq
589	ChIP-seq
589	ChIP-seq
589	ChIP-seq
589	ChIP-seq
589	ChIP-seq
589	ChIP-seq
589	ChIP-seq
590	ChIP-seq
590	ChIP-seq
590	ChIP-seq
590	ChIP-seq
590	ChIP-seq
590	ChIP-seq
590	ChIP-seq
590	ChIP-seq
590	ChIP-seq
590	ChIP-seq
590	ChIP-seq
591	ChIP-seq
591	ChIP-seq
591	ChIP-seq
591	ChIP-seq
591	ChIP-seq
591	ChIP-seq
591	ChIP-seq
591	ChIP-seq
591	ChIP-seq
591	ChIP-seq
591	ChIP-seq
592	ChIP-seq
592	ChIP-seq
592	ChIP-seq
592	ChIP-seq
592	ChIP-seq
592	ChIP-seq
592	ChIP-seq
592	ChIP-seq
592	ChIP-seq
592	ChIP-seq
592	ChIP-seq
593	ChIP-seq
593	ChIP-seq
593	ChIP-seq
593	ChIP-seq
593	ChIP-seq
593	ChIP-seq
593	ChIP-seq
593	ChIP-seq
593	ChIP-seq
593	ChIP-seq
593	ChIP-seq
594	ChIP-seq
594	ChIP-seq
594	ChIP-seq
594	ChIP-seq
594	ChIP-seq
594	ChIP-seq
594	ChIP-seq
633	RNA-seq
633	RNA-seq
633	RNA-seq
633	RNA-seq
634	RNA-seq
634	RNA-seq
635	RNA-seq
635	RNA-seq
636	RNA-seq
636	RNA-seq
637	RNA-seq
637	RNA-seq
638	RNA-seq
638	RNA-seq
639	RNA-seq
639	RNA-seq
640	RNA-seq
640	RNA-seq
650	RNA-seq
650	RNA-seq
650	RNA-seq
650	RNA-seq
651	RNA-seq
651	RNA-seq
651	RNA-seq
651	RNA-seq
652	RNA-seq
652	RNA-seq
652	RNA-seq
652	RNA-seq
712	RNA-seq
712	RNA-seq
712	RNA-seq
712	RNA-seq
712	RNA-seq
712	RNA-seq
712	RNA-seq
712	RNA-seq
712	RNA-seq
712	RNA-seq
734	ChIP-seq
734	ChIP-seq
734	ChIP-seq
734	ChIP-seq
734	ChIP-seq
734	ChIP-seq
734	ChIP-seq
734	ChIP-seq
734	ChIP-seq
737	RNA-seq
737	RNA-seq
738	RNA-seq
738	RNA-seq
739	RNA-seq
739	RNA-seq
740	RNA-seq
740	RNA-seq
741	RNA-seq
741	RNA-seq
742	RNA-seq
742	RNA-seq
743	RNA-seq
743	RNA-seq
745	RNA-seq
745	RNA-seq
746	RNA-seq
746	RNA-seq
747	RNA-seq
747	RNA-seq
748	RNA-seq
748	RNA-seq
749	RNA-seq
749	RNA-seq
750	RNA-seq
750	RNA-seq
751	RNA-seq
751	RNA-seq
752	RNA-seq
752	RNA-seq
753	RNA-seq
753	RNA-seq
754	RNA-seq
754	RNA-seq
755	RNA-seq
755	RNA-seq
757	RNA-seq
757	RNA-seq
758	RNA-seq
758	RNA-seq
762	RNA-seq
762	RNA-seq
772	RNA-seq
772	RNA-seq
773	RNA-seq
773	RNA-seq
774	RNA-seq
774	RNA-seq
777	ChIP-seq
777	ChIP-seq
777	ChIP-seq
778	ChIP-seq
778	ChIP-seq
778	ChIP-seq
778	ChIP-seq
779	ChIP-seq
779	ChIP-seq
779	ChIP-seq
779	ChIP-seq
780	ChIP-seq
780	ChIP-seq
780	ChIP-seq
780	ChIP-seq
781	ChIP-seq
781	ChIP-seq
781	ChIP-seq
781	ChIP-seq
782	ChIP-seq
782	ChIP-seq
782	ChIP-seq
782	ChIP-seq
783	ChIP-seq
783	ChIP-seq
783	ChIP-seq
783	ChIP-seq
784	ChIP-seq
784	ChIP-seq
784	ChIP-seq
784	ChIP-seq
785	ChIP-seq
785	ChIP-seq
785	ChIP-seq
785	ChIP-seq
786	ChIP-seq
786	ChIP-seq
786	ChIP-seq
786	ChIP-seq
787	ChIP-seq
787	ChIP-seq
787	ChIP-seq
787	ChIP-seq
788	ChIP-seq
788	ChIP-seq
788	ChIP-seq
788	ChIP-seq
789	ChIP-seq
789	ChIP-seq
789	ChIP-seq
789	ChIP-seq
790	ChIP-seq
790	ChIP-seq
790	ChIP-seq
790	ChIP-seq
791	ChIP-seq
791	ChIP-seq
791	ChIP-seq
791	ChIP-seq
792	ChIP-seq
792	ChIP-seq
792	ChIP-seq
792	ChIP-seq
793	ChIP-seq
793	ChIP-seq
793	ChIP-seq
793	ChIP-seq
794	ChIP-seq
794	ChIP-seq
794	ChIP-seq
794	ChIP-seq
795	ChIP-seq
795	ChIP-seq
795	ChIP-seq
795	ChIP-seq
796	ChIP-seq
796	ChIP-seq
796	ChIP-seq
796	ChIP-seq
797	ChIP-seq
797	ChIP-seq
797	ChIP-seq
797	ChIP-seq
798	ChIP-seq
798	ChIP-seq
798	ChIP-seq
798	ChIP-seq
799	ChIP-seq
799	ChIP-seq
799	ChIP-seq
799	ChIP-seq
800	ChIP-seq
800	ChIP-seq
800	ChIP-seq
800	ChIP-seq
801	ChIP-seq
801	ChIP-seq
801	ChIP-seq
801	ChIP-seq
802	ChIP-seq
802	ChIP-seq
802	ChIP-seq
802	ChIP-seq
803	ChIP-seq
803	ChIP-seq
803	ChIP-seq
803	ChIP-seq
804	ChIP-seq
804	ChIP-seq
804	ChIP-seq
804	ChIP-seq
805	ChIP-seq
805	ChIP-seq
805	ChIP-seq
805	ChIP-seq
806	ChIP-seq
806	ChIP-seq
806	ChIP-seq
806	ChIP-seq
807	ChIP-seq
807	ChIP-seq
807	ChIP-seq
807	ChIP-seq
808	ChIP-seq
808	ChIP-seq
808	ChIP-seq
808	ChIP-seq
809	ChIP-seq
809	ChIP-seq
809	ChIP-seq
809	ChIP-seq
810	ChIP-seq
810	ChIP-seq
810	ChIP-seq
811	ChIP-seq
811	ChIP-seq
811	ChIP-seq
811	ChIP-seq
812	ChIP-seq
812	ChIP-seq
812	ChIP-seq
812	ChIP-seq
813	ChIP-seq
813	ChIP-seq
813	ChIP-seq
814	ChIP-seq
814	ChIP-seq
814	ChIP-seq
814	ChIP-seq
815	ChIP-seq
815	ChIP-seq
815	ChIP-seq
816	ChIP-seq
816	ChIP-seq
816	ChIP-seq
816	ChIP-seq
817	ChIP-seq
817	ChIP-seq
817	ChIP-seq
818	ChIP-seq
818	ChIP-seq
818	ChIP-seq
818	ChIP-seq
819	ChIP-seq
819	ChIP-seq
819	ChIP-seq
819	ChIP-seq
820	ChIP-seq
820	ChIP-seq
820	ChIP-seq
820	ChIP-seq
821	ChIP-seq
821	ChIP-seq
821	ChIP-seq
821	ChIP-seq
822	ChIP-seq
822	ChIP-seq
822	ChIP-seq
822	ChIP-seq
823	ChIP-seq
823	ChIP-seq
823	ChIP-seq
823	ChIP-seq
824	ChIP-seq
824	ChIP-seq
824	ChIP-seq
824	ChIP-seq
825	ChIP-seq
825	ChIP-seq
825	ChIP-seq
825	ChIP-seq
826	ChIP-seq
826	ChIP-seq
826	ChIP-seq
826	ChIP-seq
827	ChIP-seq
827	ChIP-seq
827	ChIP-seq
827	ChIP-seq
828	ChIP-seq
828	ChIP-seq
828	ChIP-seq
828	ChIP-seq
829	ChIP-seq
829	ChIP-seq
829	ChIP-seq
829	ChIP-seq
830	ChIP-seq
830	ChIP-seq
830	ChIP-seq
830	ChIP-seq
831	ChIP-seq
831	ChIP-seq
831	ChIP-seq
831	ChIP-seq
832	ChIP-seq
832	ChIP-seq
832	ChIP-seq
832	ChIP-seq
834	ChIP-seq
834	ChIP-seq
834	ChIP-seq
834	ChIP-seq
835	ChIP-seq
835	ChIP-seq
835	ChIP-seq
836	ChIP-seq
836	ChIP-seq
836	ChIP-seq
836	ChIP-seq
837	ChIP-seq
837	ChIP-seq
837	ChIP-seq
837	ChIP-seq
838	ChIP-seq
838	ChIP-seq
838	ChIP-seq
838	ChIP-seq
839	ChIP-seq
839	ChIP-seq
839	ChIP-seq
839	ChIP-seq
840	ChIP-seq
840	ChIP-seq
840	ChIP-seq
840	ChIP-seq
841	ChIP-seq
841	ChIP-seq
841	ChIP-seq
841	ChIP-seq
842	ChIP-seq
842	ChIP-seq
842	ChIP-seq
842	ChIP-seq
843	ChIP-seq
843	ChIP-seq
843	ChIP-seq
843	ChIP-seq
844	ChIP-seq
844	ChIP-seq
844	ChIP-seq
844	ChIP-seq
845	ChIP-seq
845	ChIP-seq
845	ChIP-seq
845	ChIP-seq
846	ChIP-seq
846	ChIP-seq
846	ChIP-seq
846	ChIP-seq
847	ChIP-seq
847	ChIP-seq
847	ChIP-seq
848	ChIP-seq
848	ChIP-seq
848	ChIP-seq
849	ChIP-seq
849	ChIP-seq
849	ChIP-seq
850	ChIP-seq
850	ChIP-seq
850	ChIP-seq
851	ChIP-seq
851	ChIP-seq
851	ChIP-seq
851	ChIP-seq
852	ChIP-seq
852	ChIP-seq
852	ChIP-seq
852	ChIP-seq
853	ChIP-seq
853	ChIP-seq
853	ChIP-seq
853	ChIP-seq
854	ChIP-seq
854	ChIP-seq
854	ChIP-seq
855	ChIP-seq
855	ChIP-seq
855	ChIP-seq
855	ChIP-seq
856	ChIP-seq
856	ChIP-seq
856	ChIP-seq
856	ChIP-seq
857	ChIP-seq
857	ChIP-seq
857	ChIP-seq
858	ChIP-seq
858	ChIP-seq
858	ChIP-seq
859	ChIP-seq
859	ChIP-seq
859	ChIP-seq
859	ChIP-seq
860	ChIP-seq
860	ChIP-seq
860	ChIP-seq
860	ChIP-seq
861	ChIP-seq
861	ChIP-seq
861	ChIP-seq
861	ChIP-seq
862	ChIP-seq
862	ChIP-seq
862	ChIP-seq
862	ChIP-seq
863	ChIP-seq
863	ChIP-seq
863	ChIP-seq
863	ChIP-seq
895	ChIP-seq
895	ChIP-seq
895	ChIP-seq
895	ChIP-seq
983	RNA-seq
983	RNA-seq
983	RNA-seq
983	RNA-seq
983	RNA-seq
983	RNA-seq
984	ChIP-seq
984	ChIP-seq
984	ChIP-seq
984	ChIP-seq
985	ChIP-seq
985	ChIP-seq
985	ChIP-seq
985	ChIP-seq
